generation,avg_prey_survival,max_prey_survival,total_food,avg_predator_kills,max_predator_kills,total_kills,avg_prey_nodes,avg_prey_connections,avg_pred_nodes,avg_pred_connections,alive_prey_end,alive_pred_end,best_prey_raw_fitness,best_predator_raw_fitness,config_food_count,config_food_generation_frames,config_fps,config_generations,config_height,config_max_frames,config_pred_attack_cooldown,config_pred_hunger_cons,config_pred_max_energy,config_pred_max_hunger,config_pred_radius,config_pred_speed,config_pred_sprint_speed,config_prey_danger_radius,config_prey_hunger_cons,config_prey_max_energy,config_prey_max_hunger,config_prey_radius,config_prey_speed,config_prey_sprint_speed,config_render_n,config_width,config_prey_pop_size,config_predator_pop_size
1,217.4,450,17,2.4,4,24,3.0,87.0,3.0,87.0,0,6,7068.05,1209.72,30,60,60,500,600,600,100,0.45,140.0,140.0,9.0,3.5,7.0,180.0,0.45,200.0,120.0,8.0,4.0,8.5,100,800,50,10
2,220.98,600,28,2.7,3,27,3.02,86.58,3.0,86.7,1,0,9796.74,1209.72,30,60,60,500,600,600,100,0.45,140.0,140.0,9.0,3.5,7.0,180.0,0.45,200.0,120.0,8.0,4.0,8.5,100,800,50,10
3,226.54,354,31,2.0,4,20,3.06,85.4,3.0,85.5,0,8,9796.74,8117.35,30,60,60,500,600,600,100,0.45,140.0,140.0,9.0,3.5,7.0,180.0,0.45,200.0,120.0,8.0,4.0,8.5,100,800,50,10
4,232.76,531,40,2.6,4,26,3.02,84.72,3.0,84.4,0,7,9796.74,8117.35,30,60,60,500,600,600,100,0.45,140.0,140.0,9.0,3.5,7.0,180.0,0.45,200.0,120.0,8.0,4.0,8.5,100,800,50,10
5,243.74,538,38,2.2,3,22,3.0,83.28,3.0,85.7,0,4,9796.74,8117.35,30,60,60,500,600,600,100,0.45,140.0,140.0,9.0,3.5,7.0,180.0,0.45,200.0,120.0,8.0,4.0,8.5,100,800,50,10
6,256.96,600,55,2.2,4,22,3.02,81.56,3.0,85.5,3,3,25055.26,8117.35,30,60,60,500,600,600,100,0.45,140.0,140.0,9.0,3.5,7.0,180.0,0.45,200.0,120.0,8.0,4.0,8.5,100,800,50,10
7,220.78,492,40,2.8,5,28,3.02,77.48,3.0,84.8,0,8,25055.26,8117.35,30,60,60,500,600,600,100,0.45,140.0,140.0,9.0,3.5,7.0,180.0,0.45,200.0,120.0,8.0,4.0,8.5,100,800,50,10
8,262.08,600,48,2.0,4,20,3.04,74.36,3.0,84.2,2,4,25055.26,8117.35,30,60,60,500,600,600,100,0.45,140.0,140.0,9.0,3.5,7.0,180.0,0.45,200.0,120.0,8.0,4.0,8.5,100,800,50,10
9,259.06,600,51,2.4,4,24,3.08,71.08,3.0,83.4,1,6,32985.22,8117.35,30,60,60,500,600,600,100,0.45,140.0,140.0,9.0,3.5,7.0,180.0,0.45,200.0,120.0,8.0,4.0,8.5,100,800,50,10
10,265.26,580,47,1.8,3,18,3.0,69.36,3.0,82.4,0,2,32985.22,8259.67,30,60,60,500,600,600,100,0.45,140.0,140.0,9.0,3.5,7.0,180.0,0.45,200.0,120.0,8.0,4.0,8.5,100,800,50,10
11,263.4,600,57,1.5,5,15,3.04,65.82,3.0,82.7,1,1,32985.22,8815.58,30,60,60,500,600,600,100,0.45,140.0,140.0,9.0,3.5,7.0,180.0,0.45,200.0,120.0,8.0,4.0,8.5,100,800,50,10
12,239.9,600,53,2.7,4,27,3.06,64.56,3.0,82.2,2,3,32985.22,8815.58,30,60,60,500,600,600,100,0.45,140.0,140.0,9.0,3.5,7.0,180.0,0.45,200.0,120.0,8.0,4.0,8.5,100,800,50,10
13,240.96,504,45,1.8,4,18,3.04,62.7,3.0,82.0,0,5,32985.22,8815.58,30,60,60,500,600,600,100,0.45,140.0,140.0,9.0,3.5,7.0,180.0,0.45,200.0,120.0,8.0,4.0,8.5,100,800,50,10
14,289.64,600,84,2.3,5,23,3.02,61.42,3.0,82.3,1,4,32985.22,11713.16,30,60,60,500,600,600,100,0.45,140.0,140.0,9.0,3.5,7.0,180.0,0.45,200.0,120.0,8.0,4.0,8.5,100,800,50,10
15,277.52,600,118,2.5,4,25,3.02,60.68,3.0,81.7,4,5,36108.78,11713.16,30,60,60,500,600,600,100,0.45,140.0,140.0,9.0,3.5,7.0,180.0,0.45,200.0,120.0,8.0,4.0,8.5,100,800,50,10
16,257.16,600,122,2.6,4,26,3.12,58.2,3.0,82.0,2,4,38545.49,11713.16,30,60,60,500,600,600,100,0.45,140.0,140.0,9.0,3.5,7.0,180.0,0.45,200.0,120.0,8.0,4.0,8.5,100,800,50,10
17,296.0,600,192,2.6,5,26,3.02,56.32,3.0,80.4,7,4,43587.68,11713.16,30,60,60,500,600,600,100,0.45,140.0,140.0,9.0,3.5,7.0,180.0,0.45,200.0,120.0,8.0,4.0,8.5,100,800,50,10
18,277.42,600,177,3.3,5,33,3.02,54.0,3.0,80.3,3,7,47902.43,11796.03,30,60,60,500,600,600,100,0.45,140.0,140.0,9.0,3.5,7.0,180.0,0.45,200.0,120.0,8.0,4.0,8.5,100,800,50,10
19,318.28,600,237,2.7,4,27,3.0,51.98,3.0,80.7,10,8,48358.24,11796.03,30,60,60,500,600,600,100,0.45,140.0,140.0,9.0,3.5,7.0,180.0,0.45,200.0,120.0,8.0,4.0,8.5,100,800,50,10
20,357.62,600,228,3.3,5,33,3.0,50.74,3.0,80.4,11,7,48358.24,11796.03,30,60,60,500,600,600,100,0.45,140.0,140.0,9.0,3.5,7.0,180.0,0.45,200.0,120.0,8.0,4.0,8.5,100,800,50,10
21,341.06,600,232,2.9,4,29,3.04,49.46,3.0,80.7,6,8,51880.64,11796.03,30,60,60,500,600,600,100,0.45,140.0,140.0,9.0,3.5,7.0,180.0,0.45,200.0,120.0,8.0,4.0,8.5,100,800,50,10
22,338.24,600,227,2.2,4,22,3.04,47.94,3.0,79.7,13,5,53190.57,11796.03,30,60,60,500,600,600,100,0.45,140.0,140.0,9.0,3.5,7.0,180.0,0.45,200.0,120.0,8.0,4.0,8.5,100,800,50,10
23,337.7,600,269,2.8,5,28,3.02,46.24,3.0,78.6,12,5,53190.57,15438.42,30,60,60,500,600,600,100,0.45,140.0,140.0,9.0,3.5,7.0,180.0,0.45,200.0,120.0,8.0,4.0,8.5,100,800,50,10
24,324.46,600,216,3.1,5,31,3.0,44.32,3.0,77.1,10,7,53647.87,15438.42,30,60,60,500,600,600,100,0.45,140.0,140.0,9.0,3.5,7.0,180.0,0.45,200.0,120.0,8.0,4.0,8.5,100,800,50,10
25,354.22,600,257,3.1,5,31,3.04,43.1,3.0,75.8,11,8,55122.39,15438.42,30,60,60,500,600,600,100,0.45,140.0,140.0,9.0,3.5,7.0,180.0,0.45,200.0,120.0,8.0,4.0,8.5,100,800,50,10
26,331.28,600,259,3.9,5,39,3.04,42.12,3.0,74.7,10,9,55122.39,15901.53,30,60,60,500,600,600,100,0.45,140.0,140.0,9.0,3.5,7.0,180.0,0.45,200.0,120.0,8.0,4.0,8.5,100,800,50,10
27,298.5,600,237,3.7,5,37,3.04,41.54,3.0,74.7,6,8,57499.93,15901.53,30,60,60,500,600,600,100,0.45,140.0,140.0,9.0,3.5,7.0,180.0,0.45,200.0,120.0,8.0,4.0,8.5,100,800,50,10
28,320.32,600,248,3.3,5,33,3.02,40.46,3.1,77.0,9,7,57499.93,15901.53,30,60,60,500,600,600,100,0.45,140.0,140.0,9.0,3.5,7.0,180.0,0.45,200.0,120.0,8.0,4.0,8.5,100,800,50,10
29,313.3,600,243,2.9,5,29,3.0,39.32,3.9,77.1,7,6,57499.93,15901.53,30,60,60,500,600,600,100,0.45,140.0,140.0,9.0,3.5,7.0,180.0,0.45,200.0,120.0,8.0,4.0,8.5,100,800,50,10
30,267.48,600,209,3.7,5,37,3.04,38.2,3.0,76.8,2,10,57499.93,15901.53,30,60,60,500,600,600,100,0.45,140.0,140.0,9.0,3.5,7.0,180.0,0.45,200.0,120.0,8.0,4.0,8.5,100,800,50,10
31,325.26,600,257,3.3,5,33,3.2,36.7,3.0,77.1,8,8,57499.93,15901.53,30,60,60,500,600,600,100,0.45,140.0,140.0,9.0,3.5,7.0,180.0,0.45,200.0,120.0,8.0,4.0,8.5,100,800,50,10
32,311.84,600,241,3.7,5,37,3.08,35.46,3.0,76.8,7,8,57499.93,15901.53,30,60,60,500,600,600,100,0.45,140.0,140.0,9.0,3.5,7.0,180.0,0.45,200.0,120.0,8.0,4.0,8.5,100,800,50,10
33,347.32,600,263,3.0,5,30,3.02,34.04,3.0,76.3,13,7,57499.93,15901.53,30,60,60,500,600,600,100,0.45,140.0,140.0,9.0,3.5,7.0,180.0,0.45,200.0,120.0,8.0,4.0,8.5,100,800,50,10
34,333.92,600,227,3.4,6,34,3.16,33.38,3.1,76.1,8,7,57499.93,15901.53,30,60,60,500,600,600,100,0.45,140.0,140.0,9.0,3.5,7.0,180.0,0.45,200.0,120.0,8.0,4.0,8.5,100,800,50,10
35,301.26,600,204,3.5,5,35,3.06,31.74,3.4,75.1,6,9,57499.93,16656.56,30,60,60,500,600,600,100,0.45,140.0,140.0,9.0,3.5,7.0,180.0,0.45,200.0,120.0,8.0,4.0,8.5,100,800,50,10
36,324.06,600,244,3.7,6,37,3.02,31.24,3.7,74.1,7,9,57499.93,18325.86,30,60,60,500,600,600,100,0.45,140.0,140.0,9.0,3.5,7.0,180.0,0.45,200.0,120.0,8.0,4.0,8.5,100,800,50,10
37,282.96,600,220,3.6,5,36,3.06,28.96,3.0,73.0,4,7,57499.93,18458.11,30,60,60,500,600,600,100,0.45,140.0,140.0,9.0,3.5,7.0,180.0,0.45,200.0,120.0,8.0,4.0,8.5,100,800,50,10
38,336.4,600,233,3.4,5,34,3.02,26.88,3.1,72.6,11,8,57499.93,18458.11,30,60,60,500,600,600,100,0.45,140.0,140.0,9.0,3.5,7.0,180.0,0.45,200.0,120.0,8.0,4.0,8.5,100,800,50,10
39,273.9,600,185,3.6,6,36,3.0,26.06,3.1,72.4,2,8,57499.93,19050.29,30,60,60,500,600,600,100,0.45,140.0,140.0,9.0,3.5,7.0,180.0,0.45,200.0,120.0,8.0,4.0,8.5,100,800,50,10
40,260.68,600,206,3.8,5,38,3.0,25.94,3.0,71.3,2,9,63342.27,19050.29,30,60,60,500,600,600,100,0.45,140.0,140.0,9.0,3.5,7.0,180.0,0.45,200.0,120.0,8.0,4.0,8.5,100,800,50,10
41,272.28,600,215,4.1,5,41,3.0,24.86,3.0,70.6,2,9,63342.27,19103.35,30,60,60,500,600,600,100,0.45,140.0,140.0,9.0,3.5,7.0,180.0,0.45,200.0,120.0,8.0,4.0,8.5,100,800,50,10
42,266.12,600,200,4.3,5,43,3.06,25.06,3.0,70.6,2,9,63342.27,19103.35,30,60,60,500,600,600,100,0.45,140.0,140.0,9.0,3.5,7.0,180.0,0.45,200.0,120.0,8.0,4.0,8.5,100,800,50,10
43,277.12,600,223,3.5,5,35,3.02,24.66,3.0,70.9,3,8,63381.6,19103.35,30,60,60,500,600,600,100,0.45,140.0,140.0,9.0,3.5,7.0,180.0,0.45,200.0,120.0,8.0,4.0,8.5,100,800,50,10
44,307.64,600,240,3.8,6,38,3.04,23.32,3.0,69.2,4,8,63381.6,19103.35,30,60,60,500,600,600,100,0.45,140.0,140.0,9.0,3.5,7.0,180.0,0.45,200.0,120.0,8.0,4.0,8.5,100,800,50,10
45,298.4,600,225,3.9,6,39,3.0,22.94,3.0,69.1,6,8,63381.6,19896.66,30,60,60,500,600,600,100,0.45,140.0,140.0,9.0,3.5,7.0,180.0,0.45,200.0,120.0,8.0,4.0,8.5,100,800,50,10
46,296.92,600,231,3.7,6,37,3.0,21.8,3.0,69.2,5,7,63381.6,21883.91,30,60,60,500,600,600,100,0.45,140.0,140.0,9.0,3.5,7.0,180.0,0.45,200.0,120.0,8.0,4.0,8.5,100,800,50,10
47,277.52,600,237,4.3,6,43,3.02,21.0,3.0,68.6,2,10,63381.6,21883.91,30,60,60,500,600,600,100,0.45,140.0,140.0,9.0,3.5,7.0,180.0,0.45,200.0,120.0,8.0,4.0,8.5,100,800,50,10
48,308.08,600,231,3.8,5,38,3.02,19.92,3.1,69.0,6,10,63381.6,21883.91,30,60,60,500,600,600,100,0.45,140.0,140.0,9.0,3.5,7.0,180.0,0.45,200.0,120.0,8.0,4.0,8.5,100,800,50,10
49,298.98,600,229,3.7,5,37,3.0,19.32,3.1,68.7,5,8,63381.6,21883.91,30,60,60,500,600,600,100,0.45,140.0,140.0,9.0,3.5,7.0,180.0,0.45,200.0,120.0,8.0,4.0,8.5,100,800,50,10
50,273.06,600,212,4.3,6,43,3.02,18.82,3.0,66.9,2,10,63381.6,21950.29,30,60,60,500,600,600,100,0.45,140.0,140.0,9.0,3.5,7.0,180.0,0.45,200.0,120.0,8.0,4.0,8.5,100,800,50,10
51,263.16,600,217,4.0,6,40,3.0,18.58,3.1,67.2,3,8,63381.6,22561.55,30,60,60,500,600,600,100,0.45,140.0,140.0,9.0,3.5,7.0,180.0,0.45,200.0,120.0,8.0,4.0,8.5,100,800,50,10
52,272.5,600,203,4.1,5,41,3.0,18.36,3.2,66.5,2,9,63381.6,23424.22,30,60,60,500,600,600,100,0.45,140.0,140.0,9.0,3.5,7.0,180.0,0.45,200.0,120.0,8.0,4.0,8.5,100,800,50,10
53,302.18,600,194,3.9,5,39,3.04,18.06,3.1,65.9,5,9,63381.6,26251.65,30,60,60,500,600,600,100,0.45,140.0,140.0,9.0,3.5,7.0,180.0,0.45,200.0,120.0,8.0,4.0,8.5,100,800,50,10
54,303.24,600,260,4.1,6,41,3.0,17.24,3.2,65.9,5,7,63381.6,26251.65,30,60,60,500,600,600,100,0.45,140.0,140.0,9.0,3.5,7.0,180.0,0.45,200.0,120.0,8.0,4.0,8.5,100,800,50,10
55,302.22,600,220,3.8,5,38,3.04,16.58,3.0,68.1,7,8,63381.6,26251.65,30,60,60,500,600,600,100,0.45,140.0,140.0,9.0,3.5,7.0,180.0,0.45,200.0,120.0,8.0,4.0,8.5,100,800,50,10
56,263.96,600,201,4.5,5,45,3.0,15.76,3.0,67.7,2,9,63381.6,26251.65,30,60,60,500,600,600,100,0.45,140.0,140.0,9.0,3.5,7.0,180.0,0.45,200.0,120.0,8.0,4.0,8.5,100,800,50,10
57,256.12,595,184,4.2,6,42,3.02,15.48,3.0,67.7,0,9,63381.6,26622.87,30,60,60,500,600,600,100,0.45,140.0,140.0,9.0,3.5,7.0,180.0,0.45,200.0,120.0,8.0,4.0,8.5,100,800,50,10
58,270.4,600,207,4.0,6,40,3.06,15.66,3.0,66.0,2,7,63381.6,26622.87,30,60,60,500,600,600,100,0.45,140.0,140.0,9.0,3.5,7.0,180.0,0.45,200.0,120.0,8.0,4.0,8.5,100,800,50,10
59,292.88,600,219,4.1,5,41,3.04,15.72,3.0,65.8,7,8,63381.6,26622.87,30,60,60,500,600,600,100,0.45,140.0,140.0,9.0,3.5,7.0,180.0,0.45,200.0,120.0,8.0,4.0,8.5,100,800,50,10
60,303.88,600,222,3.8,5,38,3.12,15.34,3.0,66.2,8,10,63381.6,26622.87,30,60,60,500,600,600,100,0.45,140.0,140.0,9.0,3.5,7.0,180.0,0.45,200.0,120.0,8.0,4.0,8.5,100,800,50,10
61,302.6,600,225,3.5,5,35,3.0,14.76,3.1,66.6,8,7,63381.6,26622.87,30,60,60,500,600,600,100,0.45,140.0,140.0,9.0,3.5,7.0,180.0,0.45,200.0,120.0,8.0,4.0,8.5,100,800,50,10
62,288.02,600,223,4.1,6,41,3.02,14.76,3.0,67.8,4,10,63381.6,26622.87,30,60,60,500,600,600,100,0.45,140.0,140.0,9.0,3.5,7.0,180.0,0.45,200.0,120.0,8.0,4.0,8.5,100,800,50,10
63,255.1,600,191,4.0,6,40,3.16,15.52,3.0,67.5,2,8,63381.6,26622.87,30,60,60,500,600,600,100,0.45,140.0,140.0,9.0,3.5,7.0,180.0,0.45,200.0,120.0,8.0,4.0,8.5,100,800,50,10
64,284.14,600,216,4.2,6,42,3.08,14.74,3.0,66.8,2,10,63381.6,26622.87,30,60,60,500,600,600,100,0.45,140.0,140.0,9.0,3.5,7.0,180.0,0.45,200.0,120.0,8.0,4.0,8.5,100,800,50,10
65,263.02,589,189,4.5,5,45,3.02,14.5,3.0,67.1,0,10,63381.6,26622.87,30,60,60,500,600,600,100,0.45,140.0,140.0,9.0,3.5,7.0,180.0,0.45,200.0,120.0,8.0,4.0,8.5,100,800,50,10
66,294.14,600,216,3.9,6,39,3.0,14.54,3.0,67.4,3,9,63381.6,26622.87,30,60,60,500,600,600,100,0.45,140.0,140.0,9.0,3.5,7.0,180.0,0.45,200.0,120.0,8.0,4.0,8.5,100,800,50,10
67,263.04,600,197,4.2,5,42,3.0,15.12,3.0,67.1,2,9,63381.6,26622.87,30,60,60,500,600,600,100,0.45,140.0,140.0,9.0,3.5,7.0,180.0,0.45,200.0,120.0,8.0,4.0,8.5,100,800,50,10
68,292.32,600,211,4.2,6,42,3.04,15.22,3.0,66.7,2,9,63381.6,26622.87,30,60,60,500,600,600,100,0.45,140.0,140.0,9.0,3.5,7.0,180.0,0.45,200.0,120.0,8.0,4.0,8.5,100,800,50,10
69,274.3,600,188,4.4,6,44,3.04,14.6,3.0,67.9,1,8,63381.6,26622.87,30,60,60,500,600,600,100,0.45,140.0,140.0,9.0,3.5,7.0,180.0,0.45,200.0,120.0,8.0,4.0,8.5,100,800,50,10
70,306.26,600,235,3.8,6,38,3.0,13.58,3.0,66.6,8,7,63381.6,26622.87,30,60,60,500,600,600,100,0.45,140.0,140.0,9.0,3.5,7.0,180.0,0.45,200.0,120.0,8.0,4.0,8.5,100,800,50,10
71,312.26,600,254,3.6,6,36,3.0,12.78,3.0,66.4,9,7,63381.6,26622.87,30,60,60,500,600,600,100,0.45,140.0,140.0,9.0,3.5,7.0,180.0,0.45,200.0,120.0,8.0,4.0,8.5,100,800,50,10
72,321.46,600,240,4.0,6,40,3.0,12.14,3.0,66.5,4,9,63381.6,26622.87,30,60,60,500,600,600,100,0.45,140.0,140.0,9.0,3.5,7.0,180.0,0.45,200.0,120.0,8.0,4.0,8.5,100,800,50,10
73,333.94,600,250,3.8,6,38,3.04,11.48,3.0,65.8,9,8,63381.6,26622.87,30,60,60,500,600,600,100,0.45,140.0,140.0,9.0,3.5,7.0,180.0,0.45,200.0,120.0,8.0,4.0,8.5,100,800,50,10
74,314.72,600,222,3.9,6,39,3.0,11.02,3.0,65.6,7,7,63381.6,26622.87,30,60,60,500,600,600,100,0.45,140.0,140.0,9.0,3.5,7.0,180.0,0.45,200.0,120.0,8.0,4.0,8.5,100,800,50,10
75,278.92,600,205,4.4,5,44,3.04,11.06,3.0,65.6,2,9,63381.6,26622.87,30,60,60,500,600,600,100,0.45,140.0,140.0,9.0,3.5,7.0,180.0,0.45,200.0,120.0,8.0,4.0,8.5,100,800,50,10
76,286.86,600,222,4.3,5,43,3.02,10.86,3.0,66.1,2,9,63381.6,26622.87,30,60,60,500,600,600,100,0.45,140.0,140.0,9.0,3.5,7.0,180.0,0.45,200.0,120.0,8.0,4.0,8.5,100,800,50,10
77,300.52,600,223,3.4,5,34,3.04,10.56,3.0,65.6,4,8,63381.6,26622.87,30,60,60,500,600,600,100,0.45,140.0,140.0,9.0,3.5,7.0,180.0,0.45,200.0,120.0,8.0,4.0,8.5,100,800,50,10
78,302.92,600,230,3.4,5,34,3.2,10.78,3.0,65.3,6,8,63381.6,26622.87,30,60,60,500,600,600,100,0.45,140.0,140.0,9.0,3.5,7.0,180.0,0.45,200.0,120.0,8.0,4.0,8.5,100,800,50,10
79,323.24,600,246,3.6,6,36,3.24,10.28,3.1,65.2,7,7,63381.6,26622.87,30,60,60,500,600,600,100,0.45,140.0,140.0,9.0,3.5,7.0,180.0,0.45,200.0,120.0,8.0,4.0,8.5,100,800,50,10
80,261.16,600,222,4.3,6,43,3.04,9.82,3.7,65.4,3,9,63381.6,26622.87,30,60,60,500,600,600,100,0.45,140.0,140.0,9.0,3.5,7.0,180.0,0.45,200.0,120.0,8.0,4.0,8.5,100,800,50,10
81,246.76,600,176,3.9,5,39,3.04,9.66,4.0,65.8,1,9,63381.6,26622.87,30,60,60,500,600,600,100,0.45,140.0,140.0,9.0,3.5,7.0,180.0,0.45,200.0,120.0,8.0,4.0,8.5,100,800,50,10
82,291.78,600,218,3.7,5,37,3.0,8.34,4.0,65.2,4,9,63381.6,26622.87,30,60,60,500,600,600,100,0.45,140.0,140.0,9.0,3.5,7.0,180.0,0.45,200.0,120.0,8.0,4.0,8.5,100,800,50,10
83,271.58,600,210,4.1,5,41,3.0,8.38,4.0,64.6,2,10,63381.6,26622.87,30,60,60,500,600,600,100,0.45,140.0,140.0,9.0,3.5,7.0,180.0,0.45,200.0,120.0,8.0,4.0,8.5,100,800,50,10
84,279.16,600,222,4.3,6,43,3.04,8.28,4.0,63.8,5,9,63381.6,26622.87,30,60,60,500,600,600,100,0.45,140.0,140.0,9.0,3.5,7.0,180.0,0.45,200.0,120.0,8.0,4.0,8.5,100,800,50,10
85,253.94,529,178,4.1,5,41,3.04,8.02,3.9,64.3,0,9,63381.6,26622.87,30,60,60,500,600,600,100,0.45,140.0,140.0,9.0,3.5,7.0,180.0,0.45,200.0,120.0,8.0,4.0,8.5,100,800,50,10
86,262.96,600,229,4.2,5,42,3.0,8.4,4.0,63.9,3,10,63381.6,26622.87,30,60,60,500,600,600,100,0.45,140.0,140.0,9.0,3.5,7.0,180.0,0.45,200.0,120.0,8.0,4.0,8.5,100,800,50,10
87,255.26,591,195,4.6,5,46,3.08,8.52,3.9,63.6,0,10,63381.6,26622.87,30,60,60,500,600,600,100,0.45,140.0,140.0,9.0,3.5,7.0,180.0,0.45,200.0,120.0,8.0,4.0,8.5,100,800,50,10
88,239.26,600,179,4.3,5,43,3.0,8.56,4.0,64.2,1,10,63381.6,26622.87,30,60,60,500,600,600,100,0.45,140.0,140.0,9.0,3.5,7.0,180.0,0.45,200.0,120.0,8.0,4.0,8.5,100,800,50,10
89,272.3,600,217,4.1,6,41,3.04,8.22,4.1,63.6,5,10,63381.6,26622.87,30,60,60,500,600,600,100,0.45,140.0,140.0,9.0,3.5,7.0,180.0,0.45,200.0,120.0,8.0,4.0,8.5,100,800,50,10
90,261.96,600,206,4.2,5,42,3.0,7.94,4.0,62.9,1,9,63381.6,26622.87,30,60,60,500,600,600,100,0.45,140.0,140.0,9.0,3.5,7.0,180.0,0.45,200.0,120.0,8.0,4.0,8.5,100,800,50,10
91,257.26,591,182,4.5,5,45,3.02,7.78,4.0,62.3,0,10,63381.6,26622.87,30,60,60,500,600,600,100,0.45,140.0,140.0,9.0,3.5,7.0,180.0,0.45,200.0,120.0,8.0,4.0,8.5,100,800,50,10
92,275.32,600,202,4.4,5,44,3.08,7.68,4.0,62.3,2,9,63381.6,26622.87,30,60,60,500,600,600,100,0.45,140.0,140.0,9.0,3.5,7.0,180.0,0.45,200.0,120.0,8.0,4.0,8.5,100,800,50,10
93,249.34,600,177,4.2,5,42,3.04,7.86,4.0,62.5,2,9,63381.6,26622.87,30,60,60,500,600,600,100,0.45,140.0,140.0,9.0,3.5,7.0,180.0,0.45,200.0,120.0,8.0,4.0,8.5,100,800,50,10
94,276.14,600,215,3.8,5,38,3.12,7.72,4.1,62.1,1,9,63381.6,26622.87,30,60,60,500,600,600,100,0.45,140.0,140.0,9.0,3.5,7.0,180.0,0.45,200.0,120.0,8.0,4.0,8.5,100,800,50,10
95,299.16,600,182,3.6,5,36,3.06,7.46,4.0,60.8,6,8,63381.6,26622.87,30,60,60,500,600,600,100,0.45,140.0,140.0,9.0,3.5,7.0,180.0,0.45,200.0,120.0,8.0,4.0,8.5,100,800,50,10
96,267.72,600,223,4.7,6,47,3.04,7.0,4.1,62.6,1,10,63381.6,26622.87,30,60,60,500,600,600,100,0.45,140.0,140.0,9.0,3.5,7.0,180.0,0.45,200.0,120.0,8.0,4.0,8.5,100,800,50,10
97,253.98,567,207,4.6,6,46,3.06,7.12,4.0,61.3,0,10,63381.6,26622.87,30,60,60,500,600,600,100,0.45,140.0,140.0,9.0,3.5,7.0,180.0,0.45,200.0,120.0,8.0,4.0,8.5,100,800,50,10
98,269.08,600,171,3.4,5,34,3.02,6.7,4.0,62.0,2,8,63381.6,26622.87,30,60,60,500,600,600,100,0.45,140.0,140.0,9.0,3.5,7.0,180.0,0.45,200.0,120.0,8.0,4.0,8.5,100,800,50,10
99,259.8,571,156,3.6,5,36,3.0,6.48,4.0,62.0,0,8,63381.6,26622.87,30,60,60,500,600,600,100,0.45,140.0,140.0,9.0,3.5,7.0,180.0,0.45,200.0,120.0,8.0,4.0,8.5,100,800,50,10
100,249.3,561,158,3.9,6,39,3.04,6.56,4.1,61.9,0,9,63381.6,26622.87,30,60,60,500,600,600,100,0.45,140.0,140.0,9.0,3.5,7.0,180.0,0.45,200.0,120.0,8.0,4.0,8.5,100,800,50,10
101,291.24,600,235,4.1,6,41,3.02,6.64,4.0,62.2,3,9,63381.6,26622.87,30,60,60,500,600,600,100,0.45,140.0,140.0,9.0,3.5,7.0,180.0,0.45,200.0,120.0,8.0,4.0,8.5,100,800,50,10
102,283.8,600,209,3.9,5,39,3.0,6.64,4.0,61.7,5,8,63381.6,26622.87,30,60,60,500,600,600,100,0.45,140.0,140.0,9.0,3.5,7.0,180.0,0.45,200.0,120.0,8.0,4.0,8.5,100,800,50,10
103,274.96,600,168,3.6,5,36,3.04,6.56,4.0,62.0,3,6,63381.6,26622.87,30,60,60,500,600,600,100,0.45,140.0,140.0,9.0,3.5,7.0,180.0,0.45,200.0,120.0,8.0,4.0,8.5,100,800,50,10
104,266.88,600,203,4.5,5,45,3.12,7.04,4.0,61.7,2,10,63381.6,26622.87,30,60,60,500,600,600,100,0.45,140.0,140.0,9.0,3.5,7.0,180.0,0.45,200.0,120.0,8.0,4.0,8.5,100,800,50,10
105,276.92,600,215,4.2,6,42,3.08,6.74,4.0,61.6,2,10,63381.6,26622.87,30,60,60,500,600,600,100,0.45,140.0,140.0,9.0,3.5,7.0,180.0,0.45,200.0,120.0,8.0,4.0,8.5,100,800,50,10
106,277.88,600,212,3.8,5,38,3.02,6.54,4.0,60.5,5,8,63381.6,26951.79,30,60,60,500,600,600,100,0.45,140.0,140.0,9.0,3.5,7.0,180.0,0.45,200.0,120.0,8.0,4.0,8.5,100,800,50,10
107,298.32,600,230,4.1,6,41,3.0,6.6,4.0,59.9,4,10,63381.6,26951.79,30,60,60,500,600,600,100,0.45,140.0,140.0,9.0,3.5,7.0,180.0,0.45,200.0,120.0,8.0,4.0,8.5,100,800,50,10
108,288.54,600,228,4.2,6,42,3.06,6.58,3.9,58.5,3,9,63381.6,26951.79,30,60,60,500,600,600,100,0.45,140.0,140.0,9.0,3.5,7.0,180.0,0.45,200.0,120.0,8.0,4.0,8.5,100,800,50,10
109,311.2,600,251,3.3,5,33,3.1,6.36,3.7,57.2,8,8,63381.6,26951.79,30,60,60,500,600,600,100,0.45,140.0,140.0,9.0,3.5,7.0,180.0,0.45,200.0,120.0,8.0,4.0,8.5,100,800,50,10
110,272.68,600,226,3.8,5,38,3.16,6.66,3.3,53.3,2,8,63381.6,26951.79,30,60,60,500,600,600,100,0.45,140.0,140.0,9.0,3.5,7.0,180.0,0.45,200.0,120.0,8.0,4.0,8.5,100,800,50,10
111,316.2,600,244,3.5,5,35,3.2,6.76,3.4,52.5,9,8,63381.6,26951.79,30,60,60,500,600,600,100,0.45,140.0,140.0,9.0,3.5,7.0,180.0,0.45,200.0,120.0,8.0,4.0,8.5,100,800,50,10
112,288.6,600,217,3.9,5,39,3.2,6.34,3.0,50.1,6,10,63381.6,26951.79,30,60,60,500,600,600,100,0.45,140.0,140.0,9.0,3.5,7.0,180.0,0.45,200.0,120.0,8.0,4.0,8.5,100,800,50,10
113,290.36,600,220,3.7,5,37,3.1,5.82,3.0,50.3,6,8,63381.6,26951.79,30,60,60,500,600,600,100,0.45,140.0,140.0,9.0,3.5,7.0,180.0,0.45,200.0,120.0,8.0,4.0,8.5,100,800,50,10
114,313.2,600,218,3.6,6,36,3.02,5.28,3.0,49.5,5,9,63381.6,26951.79,30,60,60,500,600,600,100,0.45,140.0,140.0,9.0,3.5,7.0,180.0,0.45,200.0,120.0,8.0,4.0,8.5,100,800,50,10
115,274.42,600,211,4.0,5,40,3.02,4.86,3.0,50.0,3,7,63381.6,26951.79,30,60,60,500,600,600,100,0.45,140.0,140.0,9.0,3.5,7.0,180.0,0.45,200.0,120.0,8.0,4.0,8.5,100,800,50,10
116,282.42,600,221,3.6,5,36,3.04,5.06,3.0,50.3,6,6,63381.6,26951.79,30,60,60,500,600,600,100,0.45,140.0,140.0,9.0,3.5,7.0,180.0,0.45,200.0,120.0,8.0,4.0,8.5,100,800,50,10
117,303.12,600,203,3.6,5,36,3.0,4.7,3.0,50.8,5,8,63381.6,26951.79,30,60,60,500,600,600,100,0.45,140.0,140.0,9.0,3.5,7.0,180.0,0.45,200.0,120.0,8.0,4.0,8.5,100,800,50,10
118,288.78,600,211,3.9,5,39,3.0,4.86,3.0,50.6,4,8,63381.6,26951.79,30,60,60,500,600,600,100,0.45,140.0,140.0,9.0,3.5,7.0,180.0,0.45,200.0,120.0,8.0,4.0,8.5,100,800,50,10
119,297.32,600,186,3.3,5,33,3.0,4.74,3.0,50.4,7,6,63381.6,26951.79,30,60,60,500,600,600,100,0.45,140.0,140.0,9.0,3.5,7.0,180.0,0.45,200.0,120.0,8.0,4.0,8.5,100,800,50,10
120,294.58,600,186,4.2,6,42,3.02,4.72,3.1,50.8,2,10,63381.6,26951.79,30,60,60,500,600,600,100,0.45,140.0,140.0,9.0,3.5,7.0,180.0,0.45,200.0,120.0,8.0,4.0,8.5,100,800,50,10
121,251.4,600,178,3.4,5,34,3.06,4.72,3.4,51.4,2,8,74324.0,26951.79,30,60,60,500,600,600,100,0.45,140.0,140.0,9.0,3.5,7.0,180.0,0.45,200.0,120.0,8.0,4.0,8.5,100,800,50,10
122,256.42,600,190,3.7,5,37,3.12,4.9,3.6,51.6,3,8,74324.0,26951.79,30,60,60,500,600,600,100,0.45,140.0,140.0,9.0,3.5,7.0,180.0,0.45,200.0,120.0,8.0,4.0,8.5,100,800,50,10
123,252.74,600,190,3.9,5,39,3.04,4.92,3.9,52.0,3,8,74324.0,26951.79,30,60,60,500,600,600,100,0.45,140.0,140.0,9.0,3.5,7.0,180.0,0.45,200.0,120.0,8.0,4.0,8.5,100,800,50,10
124,262.96,600,198,4.2,5,42,3.02,4.9,4.1,52.2,3,10,74324.0,26951.79,30,60,60,500,600,600,100,0.45,140.0,140.0,9.0,3.5,7.0,180.0,0.45,200.0,120.0,8.0,4.0,8.5,100,800,50,10
125,310.72,600,235,4.0,6,40,3.04,4.62,4.1,51.9,5,8,74324.0,26951.79,30,60,60,500,600,600,100,0.45,140.0,140.0,9.0,3.5,7.0,180.0,0.45,200.0,120.0,8.0,4.0,8.5,100,800,50,10
126,277.52,600,198,4.4,6,44,3.08,4.78,3.9,51.5,2,9,74324.0,26951.79,30,60,60,500,600,600,100,0.45,140.0,140.0,9.0,3.5,7.0,180.0,0.45,200.0,120.0,8.0,4.0,8.5,100,800,50,10
127,270.28,600,212,3.9,5,39,3.02,4.96,3.8,51.6,2,10,74324.0,26951.79,30,60,60,500,600,600,100,0.45,140.0,140.0,9.0,3.5,7.0,180.0,0.45,200.0,120.0,8.0,4.0,8.5,100,800,50,10
128,291.86,600,232,4.3,5,43,3.0,5.12,3.4,50.7,5,9,74324.0,26951.79,30,60,60,500,600,600,100,0.45,140.0,140.0,9.0,3.5,7.0,180.0,0.45,200.0,120.0,8.0,4.0,8.5,100,800,50,10
129,297.0,600,202,3.5,5,35,3.04,4.82,3.0,49.9,4,10,74324.0,26951.79,30,60,60,500,600,600,100,0.45,140.0,140.0,9.0,3.5,7.0,180.0,0.45,200.0,120.0,8.0,4.0,8.5,100,800,50,10
130,296.7,600,220,4.0,5,40,3.28,4.74,3.0,49.9,3,9,74324.0,26951.79,30,60,60,500,600,600,100,0.45,140.0,140.0,9.0,3.5,7.0,180.0,0.45,200.0,120.0,8.0,4.0,8.5,100,800,50,10
131,304.46,600,204,3.4,5,34,3.48,4.96,3.0,49.1,9,7,74324.0,26951.79,30,60,60,500,600,600,100,0.45,140.0,140.0,9.0,3.5,7.0,180.0,0.45,200.0,120.0,8.0,4.0,8.5,100,800,50,10
132,262.72,591,186,4.4,6,44,3.66,5.44,3.0,48.9,0,9,74324.0,26951.79,30,60,60,500,600,600,100,0.45,140.0,140.0,9.0,3.5,7.0,180.0,0.45,200.0,120.0,8.0,4.0,8.5,100,800,50,10
133,292.18,600,213,3.7,6,37,3.66,5.36,3.1,49.2,4,6,74324.0,26951.79,30,60,60,500,600,600,100,0.45,140.0,140.0,9.0,3.5,7.0,180.0,0.45,200.0,120.0,8.0,4.0,8.5,100,800,50,10
134,259.06,600,177,3.3,5,33,3.66,5.22,3.0,49.0,5,5,74324.0,26951.79,30,60,60,500,600,600,100,0.45,140.0,140.0,9.0,3.5,7.0,180.0,0.45,200.0,120.0,8.0,4.0,8.5,100,800,50,10
135,291.84,600,220,4.1,5,41,3.96,5.78,3.0,48.9,4,9,74324.0,26951.79,30,60,60,500,600,600,100,0.45,140.0,140.0,9.0,3.5,7.0,180.0,0.45,200.0,120.0,8.0,4.0,8.5,100,800,50,10
136,260.06,575,187,4.1,5,41,3.9,5.4,3.1,48.9,0,10,74324.0,26951.79,30,60,60,500,600,600,100,0.45,140.0,140.0,9.0,3.5,7.0,180.0,0.45,200.0,120.0,8.0,4.0,8.5,100,800,50,10
137,267.92,600,221,4.0,5,40,3.88,5.48,3.0,48.4,5,9,74324.0,26951.79,30,60,60,500,600,600,100,0.45,140.0,140.0,9.0,3.5,7.0,180.0,0.45,200.0,120.0,8.0,4.0,8.5,100,800,50,10
138,291.86,600,169,3.8,6,38,3.86,5.38,3.0,48.6,2,9,74324.0,26951.79,30,60,60,500,600,600,100,0.45,140.0,140.0,9.0,3.5,7.0,180.0,0.45,200.0,120.0,8.0,4.0,8.5,100,800,50,10
139,262.4,600,211,4.3,5,43,3.5,4.68,3.0,48.2,2,9,74324.0,26951.79,30,60,60,500,600,600,100,0.45,140.0,140.0,9.0,3.5,7.0,180.0,0.45,200.0,120.0,8.0,4.0,8.5,100,800,50,10
140,311.12,600,212,3.5,5,35,3.3,4.06,3.0,48.4,6,8,74324.0,26951.79,30,60,60,500,600,600,100,0.45,140.0,140.0,9.0,3.5,7.0,180.0,0.45,200.0,120.0,8.0,4.0,8.5,100,800,50,10
141,288.94,600,190,3.8,6,38,3.28,4.12,3.0,48.5,2,9,74324.0,26951.79,30,60,60,500,600,600,100,0.45,140.0,140.0,9.0,3.5,7.0,180.0,0.45,200.0,120.0,8.0,4.0,8.5,100,800,50,10
142,257.08,582,158,3.8,5,38,3.0,3.44,3.0,48.7,0,7,74324.0,26951.79,30,60,60,500,600,600,100,0.45,140.0,140.0,9.0,3.5,7.0,180.0,0.45,200.0,120.0,8.0,4.0,8.5,100,800,50,10
143,254.34,600,189,3.7,5,37,3.02,3.64,3.0,48.4,1,9,74324.0,26951.79,30,60,60,500,600,600,100,0.45,140.0,140.0,9.0,3.5,7.0,180.0,0.45,200.0,120.0,8.0,4.0,8.5,100,800,50,10
144,270.66,600,212,4.2,5,42,3.0,3.82,3.1,48.4,2,9,74324.0,26951.79,30,60,60,500,600,600,100,0.45,140.0,140.0,9.0,3.5,7.0,180.0,0.45,200.0,120.0,8.0,4.0,8.5,100,800,50,10
145,272.04,600,171,3.9,5,39,3.04,4.12,3.0,48.1,1,9,74324.0,26951.79,30,60,60,500,600,600,100,0.45,140.0,140.0,9.0,3.5,7.0,180.0,0.45,200.0,120.0,8.0,4.0,8.5,100,800,50,10
146,243.72,540,183,3.7,6,37,3.18,4.58,3.0,48.4,0,9,74324.0,26951.79,30,60,60,500,600,600,100,0.45,140.0,140.0,9.0,3.5,7.0,180.0,0.45,200.0,120.0,8.0,4.0,8.5,100,800,50,10
147,271.04,600,172,3.7,6,37,3.1,4.08,3.0,47.9,2,7,74324.0,26951.79,30,60,60,500,600,600,100,0.45,140.0,140.0,9.0,3.5,7.0,180.0,0.45,200.0,120.0,8.0,4.0,8.5,100,800,50,10
148,260.38,600,196,4.1,5,41,3.02,3.82,3.0,47.7,1,7,74324.0,26951.79,30,60,60,500,600,600,100,0.45,140.0,140.0,9.0,3.5,7.0,180.0,0.45,200.0,120.0,8.0,4.0,8.5,100,800,50,10
149,302.5,600,203,3.4,5,34,3.04,3.88,3.0,47.0,6,7,74324.0,26951.79,30,60,60,500,600,600,100,0.45,140.0,140.0,9.0,3.5,7.0,180.0,0.45,200.0,120.0,8.0,4.0,8.5,100,800,50,10
150,276.86,600,183,3.9,5,39,3.0,3.9,3.0,47.4,3,9,74324.0,29905.01,30,60,60,500,600,600,100,0.45,140.0,140.0,9.0,3.5,7.0,180.0,0.45,200.0,120.0,8.0,4.0,8.5,100,800,50,10
151,256.2,600,184,4.1,5,41,3.0,3.7,3.0,47.5,2,9,74324.0,29905.01,30,60,60,500,600,600,100,0.45,140.0,140.0,9.0,3.5,7.0,180.0,0.45,200.0,120.0,8.0,4.0,8.5,100,800,50,10
152,264.14,600,176,3.8,6,38,3.0,3.7,3.0,47.1,2,8,74324.0,29905.01,30,60,60,500,600,600,100,0.45,140.0,140.0,9.0,3.5,7.0,180.0,0.45,200.0,120.0,8.0,4.0,8.5,100,800,50,10
153,252.36,572,181,4.2,6,42,3.02,3.58,3.1,47.5,0,10,74324.0,29905.01,30,60,60,500,600,600,100,0.45,140.0,140.0,9.0,3.5,7.0,180.0,0.45,200.0,120.0,8.0,4.0,8.5,100,800,50,10
154,245.64,558,171,4.0,6,40,3.04,3.64,3.0,45.6,0,8,74324.0,29905.01,30,60,60,500,600,600,100,0.45,140.0,140.0,9.0,3.5,7.0,180.0,0.45,200.0,120.0,8.0,4.0,8.5,100,800,50,10
155,257.46,599,208,4.5,5,45,3.18,3.92,3.1,47.1,0,10,74324.0,29905.01,30,60,60,500,600,600,100,0.45,140.0,140.0,9.0,3.5,7.0,180.0,0.45,200.0,120.0,8.0,4.0,8.5,100,800,50,10
156,249.54,600,178,3.9,5,39,3.16,3.96,3.1,47.9,2,8,74324.0,29905.01,30,60,60,500,600,600,100,0.45,140.0,140.0,9.0,3.5,7.0,180.0,0.45,200.0,120.0,8.0,4.0,8.5,100,800,50,10
157,267.02,600,184,4.1,6,41,3.1,3.62,3.0,47.5,2,9,74324.0,29905.01,30,60,60,500,600,600,100,0.45,140.0,140.0,9.0,3.5,7.0,180.0,0.45,200.0,120.0,8.0,4.0,8.5,100,800,50,10
158,253.16,600,181,3.6,4,36,3.16,3.66,3.1,47.6,4,10,74324.0,29905.01,30,60,60,500,600,600,100,0.45,140.0,140.0,9.0,3.5,7.0,180.0,0.45,200.0,120.0,8.0,4.0,8.5,100,800,50,10
159,261.5,600,180,4.1,5,41,3.0,3.72,3.1,47.2,3,9,74324.0,29905.01,30,60,60,500,600,600,100,0.45,140.0,140.0,9.0,3.5,7.0,180.0,0.45,200.0,120.0,8.0,4.0,8.5,100,800,50,10
160,258.78,600,184,3.8,5,38,3.06,3.94,3.1,47.6,5,8,74324.0,29905.01,30,60,60,500,600,600,100,0.45,140.0,140.0,9.0,3.5,7.0,180.0,0.45,200.0,120.0,8.0,4.0,8.5,100,800,50,10
161,277.2,600,206,4.1,5,41,3.0,3.42,3.0,46.6,3,10,74324.0,29905.01,30,60,60,500,600,600,100,0.45,140.0,140.0,9.0,3.5,7.0,180.0,0.45,200.0,120.0,8.0,4.0,8.5,100,800,50,10
162,264.58,599,207,3.9,6,39,3.0,3.46,3.0,46.2,0,9,74324.0,29905.01,30,60,60,500,600,600,100,0.45,140.0,140.0,9.0,3.5,7.0,180.0,0.45,200.0,120.0,8.0,4.0,8.5,100,800,50,10
163,293.5,600,201,3.8,6,38,3.02,3.52,3.0,44.7,2,9,74324.0,29905.01,30,60,60,500,600,600,100,0.45,140.0,140.0,9.0,3.5,7.0,180.0,0.45,200.0,120.0,8.0,4.0,8.5,100,800,50,10
164,261.1,600,158,4.0,5,40,3.16,4.14,3.0,43.8,1,8,74324.0,29905.01,30,60,60,500,600,600,100,0.45,140.0,140.0,9.0,3.5,7.0,180.0,0.45,200.0,120.0,8.0,4.0,8.5,100,800,50,10
165,288.28,600,222,4.0,5,40,3.0,3.76,3.0,43.5,5,9,74324.0,29905.01,30,60,60,500,600,600,100,0.45,140.0,140.0,9.0,3.5,7.0,180.0,0.45,200.0,120.0,8.0,4.0,8.5,100,800,50,10
166,259.36,600,208,3.7,5,37,3.0,3.86,3.0,43.6,2,7,74324.0,29905.01,30,60,60,500,600,600,100,0.45,140.0,140.0,9.0,3.5,7.0,180.0,0.45,200.0,120.0,8.0,4.0,8.5,100,800,50,10
167,274.42,600,218,3.9,5,39,3.0,3.68,3.0,43.4,5,9,74324.0,29905.01,30,60,60,500,600,600,100,0.45,140.0,140.0,9.0,3.5,7.0,180.0,0.45,200.0,120.0,8.0,4.0,8.5,100,800,50,10
168,263.08,600,190,4.3,6,43,3.06,3.92,3.0,42.9,1,9,74324.0,29905.01,30,60,60,500,600,600,100,0.45,140.0,140.0,9.0,3.5,7.0,180.0,0.45,200.0,120.0,8.0,4.0,8.5,100,800,50,10
169,302.48,600,211,3.9,5,39,3.0,3.6,3.0,42.9,5,10,74324.0,29905.01,30,60,60,500,600,600,100,0.45,140.0,140.0,9.0,3.5,7.0,180.0,0.45,200.0,120.0,8.0,4.0,8.5,100,800,50,10
170,284.06,600,207,3.4,5,34,3.02,3.76,3.0,43.4,4,7,74324.0,29905.01,30,60,60,500,600,600,100,0.45,140.0,140.0,9.0,3.5,7.0,180.0,0.45,200.0,120.0,8.0,4.0,8.5,100,800,50,10
171,289.96,600,194,3.7,5,37,3.02,3.56,3.0,43.5,4,6,74324.0,29905.01,30,60,60,500,600,600,100,0.45,140.0,140.0,9.0,3.5,7.0,180.0,0.45,200.0,120.0,8.0,4.0,8.5,100,800,50,10
172,319.64,600,221,3.1,5,31,3.06,3.6,3.1,43.4,7,5,74324.0,29905.01,30,60,60,500,600,600,100,0.45,140.0,140.0,9.0,3.5,7.0,180.0,0.45,200.0,120.0,8.0,4.0,8.5,100,800,50,10
173,274.7,600,204,3.9,6,39,3.06,3.68,3.0,43.4,2,8,74324.0,29905.01,30,60,60,500,600,600,100,0.45,140.0,140.0,9.0,3.5,7.0,180.0,0.45,200.0,120.0,8.0,4.0,8.5,100,800,50,10
174,312.5,600,182,3.0,5,30,3.02,3.52,3.0,43.3,6,8,74324.0,29905.01,30,60,60,500,600,600,100,0.45,140.0,140.0,9.0,3.5,7.0,180.0,0.45,200.0,120.0,8.0,4.0,8.5,100,800,50,10
175,316.92,600,182,3.1,5,31,3.08,3.68,3.0,42.5,6,7,74324.0,29905.01,30,60,60,500,600,600,100,0.45,140.0,140.0,9.0,3.5,7.0,180.0,0.45,200.0,120.0,8.0,4.0,8.5,100,800,50,10
176,285.1,600,202,3.3,5,33,3.0,3.5,3.0,43.1,2,8,74324.0,29905.01,30,60,60,500,600,600,100,0.45,140.0,140.0,9.0,3.5,7.0,180.0,0.45,200.0,120.0,8.0,4.0,8.5,100,800,50,10
177,268.52,592,186,4.0,6,40,3.04,3.5,3.0,42.6,0,8,74324.0,29905.01,30,60,60,500,600,600,100,0.45,140.0,140.0,9.0,3.5,7.0,180.0,0.45,200.0,120.0,8.0,4.0,8.5,100,800,50,10
178,305.22,600,252,3.8,5,38,3.0,3.52,3.0,42.5,5,8,74324.0,29905.01,30,60,60,500,600,600,100,0.45,140.0,140.0,9.0,3.5,7.0,180.0,0.45,200.0,120.0,8.0,4.0,8.5,100,800,50,10
179,297.76,600,224,3.8,6,38,3.02,3.6,3.0,41.9,6,8,74324.0,29905.01,30,60,60,500,600,600,100,0.45,140.0,140.0,9.0,3.5,7.0,180.0,0.45,200.0,120.0,8.0,4.0,8.5,100,800,50,10
180,266.4,600,168,4.1,5,41,3.14,4.06,3.1,42.0,3,9,74324.0,29905.01,30,60,60,500,600,600,100,0.45,140.0,140.0,9.0,3.5,7.0,180.0,0.45,200.0,120.0,8.0,4.0,8.5,100,800,50,10
181,284.8,600,182,3.5,5,35,3.16,3.9,3.3,40.7,1,8,74324.0,29905.01,30,60,60,500,600,600,100,0.45,140.0,140.0,9.0,3.5,7.0,180.0,0.45,200.0,120.0,8.0,4.0,8.5,100,800,50,10
182,282.96,600,201,3.7,5,37,3.16,3.92,3.6,41.6,2,8,74324.0,29905.01,30,60,60,500,600,600,100,0.45,140.0,140.0,9.0,3.5,7.0,180.0,0.45,200.0,120.0,8.0,4.0,8.5,100,800,50,10
183,259.76,600,189,4.1,6,41,3.42,4.78,3.3,41.1,1,8,74324.0,29905.01,30,60,60,500,600,600,100,0.45,140.0,140.0,9.0,3.5,7.0,180.0,0.45,200.0,120.0,8.0,4.0,8.5,100,800,50,10
184,318.54,600,230,3.2,5,32,3.16,3.98,3.0,40.3,8,7,74324.0,29905.01,30,60,60,500,600,600,100,0.45,140.0,140.0,9.0,3.5,7.0,180.0,0.45,200.0,120.0,8.0,4.0,8.5,100,800,50,10
185,319.68,600,216,3.3,5,33,3.02,3.64,3.0,40.0,6,8,74324.0,29905.01,30,60,60,500,600,600,100,0.45,140.0,140.0,9.0,3.5,7.0,180.0,0.45,200.0,120.0,8.0,4.0,8.5,100,800,50,10
186,297.58,600,200,3.5,5,35,3.04,3.6,3.0,40.0,2,9,74324.0,29905.01,30,60,60,500,600,600,100,0.45,140.0,140.0,9.0,3.5,7.0,180.0,0.45,200.0,120.0,8.0,4.0,8.5,100,800,50,10
187,286.38,600,195,3.1,5,31,3.0,3.62,3.0,40.0,2,6,74324.0,29905.01,30,60,60,500,600,600,100,0.45,140.0,140.0,9.0,3.5,7.0,180.0,0.45,200.0,120.0,8.0,4.0,8.5,100,800,50,10
188,304.6,600,222,3.8,6,38,3.0,3.64,3.0,40.5,4,8,74324.0,29905.01,30,60,60,500,600,600,100,0.45,140.0,140.0,9.0,3.5,7.0,180.0,0.45,200.0,120.0,8.0,4.0,8.5,100,800,50,10
189,321.12,600,234,3.4,5,34,3.06,3.72,3.0,39.6,9,8,74324.0,29905.01,30,60,60,500,600,600,100,0.45,140.0,140.0,9.0,3.5,7.0,180.0,0.45,200.0,120.0,8.0,4.0,8.5,100,800,50,10
190,298.28,600,197,3.2,5,32,3.02,3.94,3.0,39.0,5,7,74324.0,29905.01,30,60,60,500,600,600,100,0.45,140.0,140.0,9.0,3.5,7.0,180.0,0.45,200.0,120.0,8.0,4.0,8.5,100,800,50,10
191,270.24,600,162,3.2,5,32,3.04,3.96,3.0,38.8,3,7,74324.0,29905.01,30,60,60,500,600,600,100,0.45,140.0,140.0,9.0,3.5,7.0,180.0,0.45,200.0,120.0,8.0,4.0,8.5,100,800,50,10
192,292.14,600,215,4.0,6,40,3.0,3.62,3.0,38.9,5,7,74324.0,29905.01,30,60,60,500,600,600,100,0.45,140.0,140.0,9.0,3.5,7.0,180.0,0.45,200.0,120.0,8.0,4.0,8.5,100,800,50,10
193,294.04,600,208,3.7,5,37,3.04,3.88,3.0,38.6,5,8,74324.0,29905.01,30,60,60,500,600,600,100,0.45,140.0,140.0,9.0,3.5,7.0,180.0,0.45,200.0,120.0,8.0,4.0,8.5,100,800,50,10
194,304.06,600,185,3.0,4,30,3.02,3.92,3.0,39.6,9,6,74324.0,29905.01,30,60,60,500,600,600,100,0.45,140.0,140.0,9.0,3.5,7.0,180.0,0.45,200.0,120.0,8.0,4.0,8.5,100,800,50,10
195,316.46,600,215,3.0,5,30,3.0,3.9,3.0,38.3,6,6,74324.0,29905.01,30,60,60,500,600,600,100,0.45,140.0,140.0,9.0,3.5,7.0,180.0,0.45,200.0,120.0,8.0,4.0,8.5,100,800,50,10
196,302.32,600,221,3.9,5,39,3.0,3.94,3.0,38.4,1,9,74324.0,29905.01,30,60,60,500,600,600,100,0.45,140.0,140.0,9.0,3.5,7.0,180.0,0.45,200.0,120.0,8.0,4.0,8.5,100,800,50,10
197,290.08,600,169,3.2,5,32,3.04,4.18,3.0,37.6,4,6,74324.0,29905.01,30,60,60,500,600,600,100,0.45,140.0,140.0,9.0,3.5,7.0,180.0,0.45,200.0,120.0,8.0,4.0,8.5,100,800,50,10
198,313.72,600,219,3.2,5,32,3.0,4.04,3.0,37.8,8,7,74324.0,29905.01,30,60,60,500,600,600,100,0.45,140.0,140.0,9.0,3.5,7.0,180.0,0.45,200.0,120.0,8.0,4.0,8.5,100,800,50,10
199,263.9,600,186,3.4,5,34,3.06,4.38,3.0,38.0,2,9,74324.0,29905.01,30,60,60,500,600,600,100,0.45,140.0,140.0,9.0,3.5,7.0,180.0,0.45,200.0,120.0,8.0,4.0,8.5,100,800,50,10
200,263.3,600,167,3.8,6,38,3.06,4.46,3.0,38.7,1,9,74324.0,29905.01,30,60,60,500,600,600,100,0.45,140.0,140.0,9.0,3.5,7.0,180.0,0.45,200.0,120.0,8.0,4.0,8.5,100,800,50,10
201,298.78,600,215,3.5,4,35,3.04,4.7,3.1,38.8,8,8,74324.0,29905.01,30,60,60,500,600,600,100,0.45,140.0,140.0,9.0,3.5,7.0,180.0,0.45,200.0,120.0,8.0,4.0,8.5,100,800,50,10
202,283.14,600,207,3.8,5,38,3.02,4.84,3.0,36.2,4,9,74324.0,29905.01,30,60,60,500,600,600,100,0.45,140.0,140.0,9.0,3.5,7.0,180.0,0.45,200.0,120.0,8.0,4.0,8.5,100,800,50,10
203,297.14,600,209,3.6,4,36,3.02,4.18,3.0,36.1,6,10,74324.0,29905.01,30,60,60,500,600,600,100,0.45,140.0,140.0,9.0,3.5,7.0,180.0,0.45,200.0,120.0,8.0,4.0,8.5,100,800,50,10
204,267.16,600,227,4.0,5,40,3.0,3.9,3.2,36.2,4,9,74324.0,29905.01,30,60,60,500,600,600,100,0.45,140.0,140.0,9.0,3.5,7.0,180.0,0.45,200.0,120.0,8.0,4.0,8.5,100,800,50,10
205,258.9,600,183,3.7,5,37,3.0,4.02,3.1,35.8,3,8,74324.0,29905.01,30,60,60,500,600,600,100,0.45,140.0,140.0,9.0,3.5,7.0,180.0,0.45,200.0,120.0,8.0,4.0,8.5,100,800,50,10
206,280.9,600,189,3.4,6,34,3.0,3.84,3.0,35.4,4,7,74324.0,29905.01,30,60,60,500,600,600,100,0.45,140.0,140.0,9.0,3.5,7.0,180.0,0.45,200.0,120.0,8.0,4.0,8.5,100,800,50,10
207,272.12,600,222,3.8,6,38,3.04,3.96,3.0,35.4,4,8,74324.0,29905.01,30,60,60,500,600,600,100,0.45,140.0,140.0,9.0,3.5,7.0,180.0,0.45,200.0,120.0,8.0,4.0,8.5,100,800,50,10
208,264.38,600,196,4.4,5,44,3.02,3.92,3.1,34.7,1,9,74324.0,29905.01,30,60,60,500,600,600,100,0.45,140.0,140.0,9.0,3.5,7.0,180.0,0.45,200.0,120.0,8.0,4.0,8.5,100,800,50,10
209,276.02,600,211,4.4,6,44,3.02,3.68,3.0,34.4,2,10,74324.0,29905.01,30,60,60,500,600,600,100,0.45,140.0,140.0,9.0,3.5,7.0,180.0,0.45,200.0,120.0,8.0,4.0,8.5,100,800,50,10
210,247.06,518,162,3.9,5,39,3.0,3.92,3.0,34.1,0,10,74324.0,29905.01,30,60,60,500,600,600,100,0.45,140.0,140.0,9.0,3.5,7.0,180.0,0.45,200.0,120.0,8.0,4.0,8.5,100,800,50,10
211,275.84,600,215,3.9,6,39,3.04,4.36,3.1,34.6,4,8,74324.0,29905.01,30,60,60,500,600,600,100,0.45,140.0,140.0,9.0,3.5,7.0,180.0,0.45,200.0,120.0,8.0,4.0,8.5,100,800,50,10
212,274.88,600,193,3.8,5,38,3.04,4.26,3.0,34.3,5,7,74324.0,29905.01,30,60,60,500,600,600,100,0.45,140.0,140.0,9.0,3.5,7.0,180.0,0.45,200.0,120.0,8.0,4.0,8.5,100,800,50,10
213,267.1,600,200,4.5,6,45,3.0,4.1,3.0,34.4,1,10,74324.0,29905.01,30,60,60,500,600,600,100,0.45,140.0,140.0,9.0,3.5,7.0,180.0,0.45,200.0,120.0,8.0,4.0,8.5,100,800,50,10
214,250.24,538,166,4.3,5,43,3.0,4.4,3.0,33.7,0,10,74324.0,29905.01,30,60,60,500,600,600,100,0.45,140.0,140.0,9.0,3.5,7.0,180.0,0.45,200.0,120.0,8.0,4.0,8.5,100,800,50,10
215,246.58,595,175,4.2,5,42,3.06,4.04,3.0,33.3,0,9,74324.0,29905.01,30,60,60,500,600,600,100,0.45,140.0,140.0,9.0,3.5,7.0,180.0,0.45,200.0,120.0,8.0,4.0,8.5,100,800,50,10
216,271.32,600,219,4.2,6,42,3.18,4.02,3.0,34.2,2,9,74324.0,29905.01,30,60,60,500,600,600,100,0.45,140.0,140.0,9.0,3.5,7.0,180.0,0.45,200.0,120.0,8.0,4.0,8.5,100,800,50,10
217,235.32,504,148,3.8,5,38,3.02,3.92,3.0,34.0,0,10,74324.0,29905.01,30,60,60,500,600,600,100,0.45,140.0,140.0,9.0,3.5,7.0,180.0,0.45,200.0,120.0,8.0,4.0,8.5,100,800,50,10
218,285.2,600,216,4.0,6,40,3.0,3.9,3.0,34.1,4,9,74324.0,29905.01,30,60,60,500,600,600,100,0.45,140.0,140.0,9.0,3.5,7.0,180.0,0.45,200.0,120.0,8.0,4.0,8.5,100,800,50,10
219,269.52,600,198,3.5,5,35,3.0,4.18,3.0,33.9,4,8,74324.0,29905.01,30,60,60,500,600,600,100,0.45,140.0,140.0,9.0,3.5,7.0,180.0,0.45,200.0,120.0,8.0,4.0,8.5,100,800,50,10
220,267.86,600,201,3.6,5,36,3.02,4.26,3.0,33.9,1,9,74324.0,29905.01,30,60,60,500,600,600,100,0.45,140.0,140.0,9.0,3.5,7.0,180.0,0.45,200.0,120.0,8.0,4.0,8.5,100,800,50,10
221,245.9,600,201,4.0,5,40,3.0,4.34,3.0,34.3,1,9,74324.0,29905.01,30,60,60,500,600,600,100,0.45,140.0,140.0,9.0,3.5,7.0,180.0,0.45,200.0,120.0,8.0,4.0,8.5,100,800,50,10
222,330.48,600,256,3.3,6,33,3.02,4.44,3.0,34.4,8,7,74324.0,29905.01,30,60,60,500,600,600,100,0.45,140.0,140.0,9.0,3.5,7.0,180.0,0.45,200.0,120.0,8.0,4.0,8.5,100,800,50,10
223,262.8,591,173,4.5,6,45,3.0,4.2,3.0,34.9,0,10,74324.0,29905.01,30,60,60,500,600,600,100,0.45,140.0,140.0,9.0,3.5,7.0,180.0,0.45,200.0,120.0,8.0,4.0,8.5,100,800,50,10
224,284.5,600,201,3.4,5,34,3.04,4.22,3.0,34.2,4,8,74324.0,29905.01,30,60,60,500,600,600,100,0.45,140.0,140.0,9.0,3.5,7.0,180.0,0.45,200.0,120.0,8.0,4.0,8.5,100,800,50,10
225,266.76,600,178,3.9,5,39,3.0,3.96,3.0,34.3,5,10,74324.0,29905.01,30,60,60,500,600,600,100,0.45,140.0,140.0,9.0,3.5,7.0,180.0,0.45,200.0,120.0,8.0,4.0,8.5,100,800,50,10
226,273.28,600,188,3.9,6,39,3.02,4.2,3.0,34.2,2,9,74324.0,29905.01,30,60,60,500,600,600,100,0.45,140.0,140.0,9.0,3.5,7.0,180.0,0.45,200.0,120.0,8.0,4.0,8.5,100,800,50,10
227,263.84,600,189,4.1,5,41,3.04,4.28,3.0,33.9,2,8,74324.0,29905.01,30,60,60,500,600,600,100,0.45,140.0,140.0,9.0,3.5,7.0,180.0,0.45,200.0,120.0,8.0,4.0,8.5,100,800,50,10
228,279.42,600,176,3.6,5,36,3.26,4.8,3.0,32.8,3,8,74324.0,29905.01,30,60,60,500,600,600,100,0.45,140.0,140.0,9.0,3.5,7.0,180.0,0.45,200.0,120.0,8.0,4.0,8.5,100,800,50,10
229,302.9,600,219,3.1,6,31,3.24,4.32,3.2,32.6,7,6,74324.0,29905.01,30,60,60,500,600,600,100,0.45,140.0,140.0,9.0,3.5,7.0,180.0,0.45,200.0,120.0,8.0,4.0,8.5,100,800,50,10
230,248.58,531,167,4.0,5,40,3.2,4.42,3.0,32.2,0,10,74324.0,29905.01,30,60,60,500,600,600,100,0.45,140.0,140.0,9.0,3.5,7.0,180.0,0.45,200.0,120.0,8.0,4.0,8.5,100,800,50,10
231,286.88,600,231,3.8,5,38,3.12,4.68,3.0,32.0,8,9,74324.0,29905.01,30,60,60,500,600,600,100,0.45,140.0,140.0,9.0,3.5,7.0,180.0,0.45,200.0,120.0,8.0,4.0,8.5,100,800,50,10
232,303.94,600,238,3.8,6,38,3.06,4.42,3.0,33.2,10,7,74324.0,29905.01,30,60,60,500,600,600,100,0.45,140.0,140.0,9.0,3.5,7.0,180.0,0.45,200.0,120.0,8.0,4.0,8.5,100,800,50,10
233,303.4,600,226,3.6,6,36,3.0,4.56,3.0,33.2,5,7,74324.0,29905.01,30,60,60,500,600,600,100,0.45,140.0,140.0,9.0,3.5,7.0,180.0,0.45,200.0,120.0,8.0,4.0,8.5,100,800,50,10
234,301.98,600,198,3.8,6,38,3.02,4.64,3.0,32.3,7,8,74324.0,29905.01,30,60,60,500,600,600,100,0.45,140.0,140.0,9.0,3.5,7.0,180.0,0.45,200.0,120.0,8.0,4.0,8.5,100,800,50,10
235,286.16,600,209,3.3,5,33,3.04,4.44,3.0,33.2,4,7,74324.0,29905.01,30,60,60,500,600,600,100,0.45,140.0,140.0,9.0,3.5,7.0,180.0,0.45,200.0,120.0,8.0,4.0,8.5,100,800,50,10
236,304.26,600,191,3.1,5,31,3.06,4.3,3.0,32.4,6,7,74324.0,29905.01,30,60,60,500,600,600,100,0.45,140.0,140.0,9.0,3.5,7.0,180.0,0.45,200.0,120.0,8.0,4.0,8.5,100,800,50,10
237,277.02,600,219,3.9,5,39,3.02,4.16,3.0,33.8,2,9,74324.0,29905.01,30,60,60,500,600,600,100,0.45,140.0,140.0,9.0,3.5,7.0,180.0,0.45,200.0,120.0,8.0,4.0,8.5,100,800,50,10
238,315.06,600,205,3.3,5,33,3.0,4.2,3.1,33.4,6,8,74324.0,29905.01,30,60,60,500,600,600,100,0.45,140.0,140.0,9.0,3.5,7.0,180.0,0.45,200.0,120.0,8.0,4.0,8.5,100,800,50,10
239,264.66,600,204,4.1,5,41,3.06,4.04,3.0,33.5,3,8,74324.0,29905.01,30,60,60,500,600,600,100,0.45,140.0,140.0,9.0,3.5,7.0,180.0,0.45,200.0,120.0,8.0,4.0,8.5,100,800,50,10
240,302.0,600,192,3.9,6,39,3.06,4.06,3.0,34.6,6,8,74324.0,29905.01,30,60,60,500,600,600,100,0.45,140.0,140.0,9.0,3.5,7.0,180.0,0.45,200.0,120.0,8.0,4.0,8.5,100,800,50,10
241,279.12,600,224,3.6,6,36,3.12,4.08,3.0,34.1,6,6,74324.0,29905.01,30,60,60,500,600,600,100,0.45,140.0,140.0,9.0,3.5,7.0,180.0,0.45,200.0,120.0,8.0,4.0,8.5,100,800,50,10
242,262.76,600,200,3.6,5,36,3.02,4.36,3.0,34.2,1,8,74324.0,29905.01,30,60,60,500,600,600,100,0.45,140.0,140.0,9.0,3.5,7.0,180.0,0.45,200.0,120.0,8.0,4.0,8.5,100,800,50,10
243,325.16,600,218,3.3,5,33,3.02,4.04,3.0,34.0,10,7,74324.0,29905.01,30,60,60,500,600,600,100,0.45,140.0,140.0,9.0,3.5,7.0,180.0,0.45,200.0,120.0,8.0,4.0,8.5,100,800,50,10
244,275.14,600,236,3.8,5,38,3.0,4.38,3.0,33.8,3,8,74324.0,29905.01,30,60,60,500,600,600,100,0.45,140.0,140.0,9.0,3.5,7.0,180.0,0.45,200.0,120.0,8.0,4.0,8.5,100,800,50,10
245,289.52,600,223,3.5,5,35,3.0,4.0,3.0,33.9,9,8,74324.0,29905.01,30,60,60,500,600,600,100,0.45,140.0,140.0,9.0,3.5,7.0,180.0,0.45,200.0,120.0,8.0,4.0,8.5,100,800,50,10
246,261.82,577,177,4.0,5,40,3.0,3.62,3.2,34.6,0,10,74324.0,29905.01,30,60,60,500,600,600,100,0.45,140.0,140.0,9.0,3.5,7.0,180.0,0.45,200.0,120.0,8.0,4.0,8.5,100,800,50,10
247,297.86,600,234,3.5,5,35,3.0,3.54,3.6,35.1,9,7,74324.0,29905.01,30,60,60,500,600,600,100,0.45,140.0,140.0,9.0,3.5,7.0,180.0,0.45,200.0,120.0,8.0,4.0,8.5,100,800,50,10
248,232.08,600,186,4.1,6,41,3.04,3.68,3.9,35.4,1,8,74324.0,29905.01,30,60,60,500,600,600,100,0.45,140.0,140.0,9.0,3.5,7.0,180.0,0.45,200.0,120.0,8.0,4.0,8.5,100,800,50,10
249,273.98,600,198,3.6,5,36,3.0,3.66,3.7,35.7,4,8,74324.0,29905.01,30,60,60,500,600,600,100,0.45,140.0,140.0,9.0,3.5,7.0,180.0,0.45,200.0,120.0,8.0,4.0,8.5,100,800,50,10
250,285.92,600,225,3.7,6,37,3.02,3.98,3.1,34.4,4,8,74324.0,29905.01,30,60,60,500,600,600,100,0.45,140.0,140.0,9.0,3.5,7.0,180.0,0.45,200.0,120.0,8.0,4.0,8.5,100,800,50,10
251,273.04,600,158,3.3,5,33,3.04,3.84,3.0,34.1,4,6,74324.0,29905.01,30,60,60,500,600,600,100,0.45,140.0,140.0,9.0,3.5,7.0,180.0,0.45,200.0,120.0,8.0,4.0,8.5,100,800,50,10
252,236.9,557,177,4.3,5,43,3.14,4.1,3.0,33.8,0,10,74324.0,29905.01,30,60,60,500,600,600,100,0.45,140.0,140.0,9.0,3.5,7.0,180.0,0.45,200.0,120.0,8.0,4.0,8.5,100,800,50,10
253,278.58,600,185,3.7,5,37,3.08,3.6,3.0,34.2,1,9,74324.0,29905.01,30,60,60,500,600,600,100,0.45,140.0,140.0,9.0,3.5,7.0,180.0,0.45,200.0,120.0,8.0,4.0,8.5,100,800,50,10
254,259.16,600,187,4.0,5,40,3.1,3.42,3.0,34.1,3,7,74324.0,29905.01,30,60,60,500,600,600,100,0.45,140.0,140.0,9.0,3.5,7.0,180.0,0.45,200.0,120.0,8.0,4.0,8.5,100,800,50,10
255,291.38,600,187,3.6,5,36,3.18,4.12,3.0,34.3,1,8,74324.0,29905.01,30,60,60,500,600,600,100,0.45,140.0,140.0,9.0,3.5,7.0,180.0,0.45,200.0,120.0,8.0,4.0,8.5,100,800,50,10
256,279.54,600,207,3.9,5,39,3.12,4.18,3.0,34.7,4,10,74324.0,29905.01,30,60,60,500,600,600,100,0.45,140.0,140.0,9.0,3.5,7.0,180.0,0.45,200.0,120.0,8.0,4.0,8.5,100,800,50,10
257,272.12,600,195,4.1,6,41,3.12,3.3,3.0,33.9,1,9,74324.0,29905.01,30,60,60,500,600,600,100,0.45,140.0,140.0,9.0,3.5,7.0,180.0,0.45,200.0,120.0,8.0,4.0,8.5,100,800,50,10
258,269.9,600,187,4.1,6,41,3.06,3.12,3.0,33.8,4,7,74324.0,29905.01,30,60,60,500,600,600,100,0.45,140.0,140.0,9.0,3.5,7.0,180.0,0.45,200.0,120.0,8.0,4.0,8.5,100,800,50,10
259,299.62,600,237,3.3,4,33,3.06,3.14,3.1,33.5,6,10,74324.0,29905.01,30,60,60,500,600,600,100,0.45,140.0,140.0,9.0,3.5,7.0,180.0,0.45,200.0,120.0,8.0,4.0,8.5,100,800,50,10
260,270.96,600,182,3.9,5,39,3.02,3.12,3.1,33.4,2,9,74324.0,29905.01,30,60,60,500,600,600,100,0.45,140.0,140.0,9.0,3.5,7.0,180.0,0.45,200.0,120.0,8.0,4.0,8.5,100,800,50,10
261,270.68,600,198,4.2,5,42,3.04,2.98,3.0,32.4,2,9,74324.0,29905.01,30,60,60,500,600,600,100,0.45,140.0,140.0,9.0,3.5,7.0,180.0,0.45,200.0,120.0,8.0,4.0,8.5,100,800,50,10
262,289.1,600,232,3.7,6,37,3.06,3.4,3.0,32.8,6,7,74324.0,29905.01,30,60,60,500,600,600,100,0.45,140.0,140.0,9.0,3.5,7.0,180.0,0.45,200.0,120.0,8.0,4.0,8.5,100,800,50,10
263,244.72,531,189,4.4,6,44,3.16,3.1,3.1,32.1,0,10,74324.0,29905.01,30,60,60,500,600,600,100,0.45,140.0,140.0,9.0,3.5,7.0,180.0,0.45,200.0,120.0,8.0,4.0,8.5,100,800,50,10
264,277.46,600,194,4.2,5,42,3.1,3.24,3.1,31.5,2,9,74324.0,29905.01,30,60,60,500,600,600,100,0.45,140.0,140.0,9.0,3.5,7.0,180.0,0.45,200.0,120.0,8.0,4.0,8.5,100,800,50,10
265,233.38,543,182,4.0,5,40,3.64,4.5,3.0,29.8,0,9,74324.0,29905.01,30,60,60,500,600,600,100,0.45,140.0,140.0,9.0,3.5,7.0,180.0,0.45,200.0,120.0,8.0,4.0,8.5,100,800,50,10
266,289.08,600,224,3.9,6,39,3.58,4.36,3.0,28.8,4,9,74324.0,29905.01,30,60,60,500,600,600,100,0.45,140.0,140.0,9.0,3.5,7.0,180.0,0.45,200.0,120.0,8.0,4.0,8.5,100,800,50,10
267,272.84,600,211,4.2,6,42,3.44,3.82,3.0,28.6,3,9,74324.0,29905.01,30,60,60,500,600,600,100,0.45,140.0,140.0,9.0,3.5,7.0,180.0,0.45,200.0,120.0,8.0,4.0,8.5,100,800,50,10
268,244.94,600,162,4.1,5,41,3.52,4.16,3.0,28.2,2,9,74324.0,29905.01,30,60,60,500,600,600,100,0.45,140.0,140.0,9.0,3.5,7.0,180.0,0.45,200.0,120.0,8.0,4.0,8.5,100,800,50,10
269,268.76,600,198,3.7,5,37,3.58,4.14,3.0,28.2,4,5,74324.0,29905.01,30,60,60,500,600,600,100,0.45,140.0,140.0,9.0,3.5,7.0,180.0,0.45,200.0,120.0,8.0,4.0,8.5,100,800,50,10
270,241.06,477,158,3.9,5,39,3.46,3.86,3.1,28.0,0,10,74324.0,29905.01,30,60,60,500,600,600,100,0.45,140.0,140.0,9.0,3.5,7.0,180.0,0.45,200.0,120.0,8.0,4.0,8.5,100,800,50,10
271,276.42,576,184,4.2,6,42,3.4,4.46,3.0,28.4,0,9,74324.0,29905.01,30,60,60,500,600,600,100,0.45,140.0,140.0,9.0,3.5,7.0,180.0,0.45,200.0,120.0,8.0,4.0,8.5,100,800,50,10
272,285.02,600,190,3.4,5,34,3.22,4.48,3.1,29.2,5,8,74324.0,29905.01,30,60,60,500,600,600,100,0.45,140.0,140.0,9.0,3.5,7.0,180.0,0.45,200.0,120.0,8.0,4.0,8.5,100,800,50,10
273,247.62,549,196,4.4,6,44,3.2,4.56,3.0,29.5,0,8,74324.0,29905.01,30,60,60,500,600,600,100,0.45,140.0,140.0,9.0,3.5,7.0,180.0,0.45,200.0,120.0,8.0,4.0,8.5,100,800,50,10
274,268.18,600,215,4.1,6,41,3.04,3.94,3.0,29.2,1,9,74324.0,29905.01,30,60,60,500,600,600,100,0.45,140.0,140.0,9.0,3.5,7.0,180.0,0.45,200.0,120.0,8.0,4.0,8.5,100,800,50,10
275,265.72,600,190,3.8,5,38,3.0,3.6,3.0,29.5,4,8,74324.0,29905.01,30,60,60,500,600,600,100,0.45,140.0,140.0,9.0,3.5,7.0,180.0,0.45,200.0,120.0,8.0,4.0,8.5,100,800,50,10
276,245.84,529,192,4.5,5,45,3.02,3.72,3.0,29.6,0,10,74324.0,29905.01,30,60,60,500,600,600,100,0.45,140.0,140.0,9.0,3.5,7.0,180.0,0.45,200.0,120.0,8.0,4.0,8.5,100,800,50,10
277,275.22,600,162,4.2,5,42,3.0,3.96,3.0,29.9,1,10,74324.0,29905.01,30,60,60,500,600,600,100,0.45,140.0,140.0,9.0,3.5,7.0,180.0,0.45,200.0,120.0,8.0,4.0,8.5,100,800,50,10
278,256.42,584,168,4.1,5,41,3.02,4.14,3.0,30.0,0,10,74324.0,29905.01,30,60,60,500,600,600,100,0.45,140.0,140.0,9.0,3.5,7.0,180.0,0.45,200.0,120.0,8.0,4.0,8.5,100,800,50,10
279,256.22,581,191,4.2,6,42,3.02,3.8,3.1,30.4,0,10,74324.0,29905.01,30,60,60,500,600,600,100,0.45,140.0,140.0,9.0,3.5,7.0,180.0,0.45,200.0,120.0,8.0,4.0,8.5,100,800,50,10
280,286.98,600,216,3.9,5,39,3.02,3.66,3.0,30.2,3,8,74324.0,29905.01,30,60,60,500,600,600,100,0.45,140.0,140.0,9.0,3.5,7.0,180.0,0.45,200.0,120.0,8.0,4.0,8.5,100,800,50,10
281,257.36,600,177,3.8,5,38,3.02,4.16,3.1,30.7,2,9,74324.0,29905.01,30,60,60,500,600,600,100,0.45,140.0,140.0,9.0,3.5,7.0,180.0,0.45,200.0,120.0,8.0,4.0,8.5,100,800,50,10
282,272.46,600,210,3.9,5,39,3.0,3.82,3.0,30.3,4,9,74324.0,29905.01,30,60,60,500,600,600,100,0.45,140.0,140.0,9.0,3.5,7.0,180.0,0.45,200.0,120.0,8.0,4.0,8.5,100,800,50,10
283,295.3,600,229,4.1,6,41,3.02,3.98,3.0,30.3,7,9,74324.0,29905.01,30,60,60,500,600,600,100,0.45,140.0,140.0,9.0,3.5,7.0,180.0,0.45,200.0,120.0,8.0,4.0,8.5,100,800,50,10
284,280.22,600,207,4.2,6,42,3.0,3.64,3.0,30.8,2,9,74324.0,29905.01,30,60,60,500,600,600,100,0.45,140.0,140.0,9.0,3.5,7.0,180.0,0.45,200.0,120.0,8.0,4.0,8.5,100,800,50,10
285,279.48,600,217,4.3,6,43,3.04,3.58,3.0,30.2,3,9,74324.0,29905.01,30,60,60,500,600,600,100,0.45,140.0,140.0,9.0,3.5,7.0,180.0,0.45,200.0,120.0,8.0,4.0,8.5,100,800,50,10
286,275.74,600,200,3.3,4,33,3.04,3.42,3.0,31.0,5,9,74324.0,29905.01,30,60,60,500,600,600,100,0.45,140.0,140.0,9.0,3.5,7.0,180.0,0.45,200.0,120.0,8.0,4.0,8.5,100,800,50,10
287,276.28,600,197,3.5,6,35,3.04,3.62,3.0,31.3,4,8,74324.0,29905.01,30,60,60,500,600,600,100,0.45,140.0,140.0,9.0,3.5,7.0,180.0,0.45,200.0,120.0,8.0,4.0,8.5,100,800,50,10
288,270.32,600,230,4.2,6,42,3.28,3.84,3.0,31.5,3,8,74324.0,29905.01,30,60,60,500,600,600,100,0.45,140.0,140.0,9.0,3.5,7.0,180.0,0.45,200.0,120.0,8.0,4.0,8.5,100,800,50,10
289,273.94,600,196,4.1,5,41,3.5,4.18,3.0,31.4,2,9,74324.0,29905.01,30,60,60,500,600,600,100,0.45,140.0,140.0,9.0,3.5,7.0,180.0,0.45,200.0,120.0,8.0,4.0,8.5,100,800,50,10
290,266.0,600,201,4.3,5,43,3.52,4.16,3.0,31.8,2,9,74324.0,29905.01,30,60,60,500,600,600,100,0.45,140.0,140.0,9.0,3.5,7.0,180.0,0.45,200.0,120.0,8.0,4.0,8.5,100,800,50,10
291,286.8,600,205,3.6,5,36,3.54,4.24,3.0,31.2,5,6,74324.0,29905.01,30,60,60,500,600,600,100,0.45,140.0,140.0,9.0,3.5,7.0,180.0,0.45,200.0,120.0,8.0,4.0,8.5,100,800,50,10
292,232.38,530,164,4.4,5,44,3.26,3.68,3.0,30.9,0,10,74324.0,29905.01,30,60,60,500,600,600,100,0.45,140.0,140.0,9.0,3.5,7.0,180.0,0.45,200.0,120.0,8.0,4.0,8.5,100,800,50,10
293,270.7,599,192,4.5,6,45,3.46,4.1,3.1,32.0,0,9,74324.0,29905.01,30,60,60,500,600,600,100,0.45,140.0,140.0,9.0,3.5,7.0,180.0,0.45,200.0,120.0,8.0,4.0,8.5,100,800,50,10
294,289.0,600,198,4.1,6,41,3.68,4.3,3.0,30.2,3,10,74324.0,29905.01,30,60,60,500,600,600,100,0.45,140.0,140.0,9.0,3.5,7.0,180.0,0.45,200.0,120.0,8.0,4.0,8.5,100,800,50,10
295,251.08,600,206,4.2,6,42,3.58,4.4,3.0,30.2,1,8,74324.0,29905.01,30,60,60,500,600,600,100,0.45,140.0,140.0,9.0,3.5,7.0,180.0,0.45,200.0,120.0,8.0,4.0,8.5,100,800,50,10
296,245.84,572,187,4.3,5,43,3.92,5.22,3.0,30.1,0,10,74324.0,29905.01,30,60,60,500,600,600,100,0.45,140.0,140.0,9.0,3.5,7.0,180.0,0.45,200.0,120.0,8.0,4.0,8.5,100,800,50,10
297,267.44,600,218,4.4,5,44,3.78,4.84,3.0,30.4,1,9,74324.0,29905.01,30,60,60,500,600,600,100,0.45,140.0,140.0,9.0,3.5,7.0,180.0,0.45,200.0,120.0,8.0,4.0,8.5,100,800,50,10
298,273.9,592,194,4.5,6,45,3.46,4.38,3.0,29.7,0,10,74324.0,29905.01,30,60,60,500,600,600,100,0.45,140.0,140.0,9.0,3.5,7.0,180.0,0.45,200.0,120.0,8.0,4.0,8.5,100,800,50,10
299,266.56,600,195,4.0,5,40,3.62,4.4,3.0,29.0,1,8,74324.0,29905.01,30,60,60,500,600,600,100,0.45,140.0,140.0,9.0,3.5,7.0,180.0,0.45,200.0,120.0,8.0,4.0,8.5,100,800,50,10
300,278.96,600,206,3.5,5,35,3.56,4.32,3.1,30.4,5,6,74324.0,29905.01,30,60,60,500,600,600,100,0.45,140.0,140.0,9.0,3.5,7.0,180.0,0.45,200.0,120.0,8.0,4.0,8.5,100,800,50,10
301,275.76,600,185,4.4,6,44,3.4,3.62,3.0,29.9,3,9,74324.0,29905.01,30,60,60,500,600,600,100,0.45,140.0,140.0,9.0,3.5,7.0,180.0,0.45,200.0,120.0,8.0,4.0,8.5,100,800,50,10
302,245.86,508,184,4.4,5,44,3.32,3.74,3.1,30.4,0,9,74324.0,29905.01,30,60,60,500,600,600,100,0.45,140.0,140.0,9.0,3.5,7.0,180.0,0.45,200.0,120.0,8.0,4.0,8.5,100,800,50,10
303,273.78,600,186,4.1,6,41,3.74,4.34,3.0,30.6,2,10,74324.0,29905.01,30,60,60,500,600,600,100,0.45,140.0,140.0,9.0,3.5,7.0,180.0,0.45,200.0,120.0,8.0,4.0,8.5,100,800,50,10
304,252.56,597,197,4.5,6,45,3.58,3.76,3.1,31.1,0,9,74324.0,29905.01,30,60,60,500,600,600,100,0.45,140.0,140.0,9.0,3.5,7.0,180.0,0.45,200.0,120.0,8.0,4.0,8.5,100,800,50,10
305,251.28,600,198,4.2,6,42,3.44,3.42,3.0,30.3,1,8,74324.0,29905.01,30,60,60,500,600,600,100,0.45,140.0,140.0,9.0,3.5,7.0,180.0,0.45,200.0,120.0,8.0,4.0,8.5,100,800,50,10
306,254.58,600,204,4.1,5,41,3.3,3.2,3.0,30.5,2,9,74324.0,29905.01,30,60,60,500,600,600,100,0.45,140.0,140.0,9.0,3.5,7.0,180.0,0.45,200.0,120.0,8.0,4.0,8.5,100,800,50,10
307,244.66,600,201,4.2,5,42,3.28,3.04,3.0,30.6,1,10,74324.0,29905.01,30,60,60,500,600,600,100,0.45,140.0,140.0,9.0,3.5,7.0,180.0,0.45,200.0,120.0,8.0,4.0,8.5,100,800,50,10
308,273.12,600,202,4.1,5,41,3.1,2.86,3.0,30.4,3,9,74324.0,29905.01,30,60,60,500,600,600,100,0.45,140.0,140.0,9.0,3.5,7.0,180.0,0.45,200.0,120.0,8.0,4.0,8.5,100,800,50,10
309,283.78,600,224,3.6,5,36,3.0,2.7,3.1,31.1,6,8,74324.0,29905.01,30,60,60,500,600,600,100,0.45,140.0,140.0,9.0,3.5,7.0,180.0,0.45,200.0,120.0,8.0,4.0,8.5,100,800,50,10
310,254.06,580,166,4.0,5,40,3.0,2.52,3.0,31.6,0,9,74324.0,29905.01,30,60,60,500,600,600,100,0.45,140.0,140.0,9.0,3.5,7.0,180.0,0.45,200.0,120.0,8.0,4.0,8.5,100,800,50,10
311,262.76,570,208,4.5,6,45,3.06,2.76,3.0,33.0,0,10,74324.0,29905.01,30,60,60,500,600,600,100,0.45,140.0,140.0,9.0,3.5,7.0,180.0,0.45,200.0,120.0,8.0,4.0,8.5,100,800,50,10
312,258.34,600,173,4.4,5,44,3.02,2.94,3.1,33.1,1,9,74324.0,29905.01,30,60,60,500,600,600,100,0.45,140.0,140.0,9.0,3.5,7.0,180.0,0.45,200.0,120.0,8.0,4.0,8.5,100,800,50,10
313,293.44,600,233,4.1,5,41,3.06,3.1,3.0,32.3,4,9,74324.0,29905.01,30,60,60,500,600,600,100,0.45,140.0,140.0,9.0,3.5,7.0,180.0,0.45,200.0,120.0,8.0,4.0,8.5,100,800,50,10
314,254.52,577,192,4.4,5,44,3.16,3.52,3.0,32.3,0,10,74324.0,29905.01,30,60,60,500,600,600,100,0.45,140.0,140.0,9.0,3.5,7.0,180.0,0.45,200.0,120.0,8.0,4.0,8.5,100,800,50,10
315,241.24,592,184,4.3,6,43,3.12,3.6,3.0,32.5,0,9,74324.0,29905.01,30,60,60,500,600,600,100,0.45,140.0,140.0,9.0,3.5,7.0,180.0,0.45,200.0,120.0,8.0,4.0,8.5,100,800,50,10
316,292.92,600,235,4.2,6,42,3.2,3.56,3.0,32.7,4,9,74324.0,29905.01,30,60,60,500,600,600,100,0.45,140.0,140.0,9.0,3.5,7.0,180.0,0.45,200.0,120.0,8.0,4.0,8.5,100,800,50,10
317,232.8,514,168,4.2,5,42,3.22,3.32,3.1,32.2,0,10,74324.0,29905.01,30,60,60,500,600,600,100,0.45,140.0,140.0,9.0,3.5,7.0,180.0,0.45,200.0,120.0,8.0,4.0,8.5,100,800,50,10
318,275.62,600,232,4.4,5,44,3.22,3.2,3.0,32.0,3,9,74324.0,29905.01,30,60,60,500,600,600,100,0.45,140.0,140.0,9.0,3.5,7.0,180.0,0.45,200.0,120.0,8.0,4.0,8.5,100,800,50,10
319,291.48,600,232,4.0,5,40,3.18,3.16,3.1,32.3,5,10,74324.0,29905.01,30,60,60,500,600,600,100,0.45,140.0,140.0,9.0,3.5,7.0,180.0,0.45,200.0,120.0,8.0,4.0,8.5,100,800,50,10
320,272.06,600,217,3.8,5,38,3.06,2.9,3.1,32.3,5,10,74324.0,29905.01,30,60,60,500,600,600,100,0.45,140.0,140.0,9.0,3.5,7.0,180.0,0.45,200.0,120.0,8.0,4.0,8.5,100,800,50,10
321,269.26,600,197,3.9,6,39,3.22,3.26,3.0,31.8,3,9,74324.0,29905.01,30,60,60,500,600,600,100,0.45,140.0,140.0,9.0,3.5,7.0,180.0,0.45,200.0,120.0,8.0,4.0,8.5,100,800,50,10
322,257.24,600,207,3.8,5,38,3.38,3.46,3.0,32.1,2,8,74324.0,29905.01,30,60,60,500,600,600,100,0.45,140.0,140.0,9.0,3.5,7.0,180.0,0.45,200.0,120.0,8.0,4.0,8.5,100,800,50,10
323,263.74,600,210,4.3,6,43,3.42,3.48,3.0,32.4,2,8,74324.0,29905.01,30,60,60,500,600,600,100,0.45,140.0,140.0,9.0,3.5,7.0,180.0,0.45,200.0,120.0,8.0,4.0,8.5,100,800,50,10
324,267.86,600,212,4.2,5,42,3.66,4.3,3.0,32.6,2,8,74324.0,29905.01,30,60,60,500,600,600,100,0.45,140.0,140.0,9.0,3.5,7.0,180.0,0.45,200.0,120.0,8.0,4.0,8.5,100,800,50,10
325,258.44,600,212,4.5,6,45,3.76,3.84,3.0,32.8,1,8,74324.0,29905.01,30,60,60,500,600,600,100,0.45,140.0,140.0,9.0,3.5,7.0,180.0,0.45,200.0,120.0,8.0,4.0,8.5,100,800,50,10
326,250.2,598,204,4.4,6,44,3.9,4.08,3.1,33.2,0,9,74324.0,29905.01,30,60,60,500,600,600,100,0.45,140.0,140.0,9.0,3.5,7.0,180.0,0.45,200.0,120.0,8.0,4.0,8.5,100,800,50,10
327,275.52,600,210,3.8,5,38,3.84,3.74,3.1,33.1,5,9,74324.0,30191.64,30,60,60,500,600,600,100,0.45,140.0,140.0,9.0,3.5,7.0,180.0,0.45,200.0,120.0,8.0,4.0,8.5,100,800,50,10
328,238.28,573,184,3.9,5,39,3.8,3.78,3.1,33.1,0,9,74324.0,30191.64,30,60,60,500,600,600,100,0.45,140.0,140.0,9.0,3.5,7.0,180.0,0.45,200.0,120.0,8.0,4.0,8.5,100,800,50,10
329,289.8,600,226,4.0,5,40,3.84,4.18,3.0,32.1,5,9,74324.0,30191.64,30,60,60,500,600,600,100,0.45,140.0,140.0,9.0,3.5,7.0,180.0,0.45,200.0,120.0,8.0,4.0,8.5,100,800,50,10
330,265.26,600,187,4.0,6,40,3.98,4.4,3.0,32.0,2,10,74324.0,30191.64,30,60,60,500,600,600,100,0.45,140.0,140.0,9.0,3.5,7.0,180.0,0.45,200.0,120.0,8.0,4.0,8.5,100,800,50,10
331,269.54,600,213,4.3,6,43,4.18,4.3,3.0,32.3,3,9,74324.0,30191.64,30,60,60,500,600,600,100,0.45,140.0,140.0,9.0,3.5,7.0,180.0,0.45,200.0,120.0,8.0,4.0,8.5,100,800,50,10
332,243.28,558,177,4.1,5,41,4.66,4.92,3.0,32.1,0,10,74324.0,30191.64,30,60,60,500,600,600,100,0.45,140.0,140.0,9.0,3.5,7.0,180.0,0.45,200.0,120.0,8.0,4.0,8.5,100,800,50,10
333,280.9,600,165,3.6,5,36,4.5,4.96,3.0,32.2,4,9,74324.0,30191.64,30,60,60,500,600,600,100,0.45,140.0,140.0,9.0,3.5,7.0,180.0,0.45,200.0,120.0,8.0,4.0,8.5,100,800,50,10
334,268.26,600,204,4.2,6,42,4.3,4.58,3.0,32.2,3,9,74324.0,30191.64,30,60,60,500,600,600,100,0.45,140.0,140.0,9.0,3.5,7.0,180.0,0.45,200.0,120.0,8.0,4.0,8.5,100,800,50,10
335,278.26,600,184,3.9,5,39,4.32,4.76,3.0,32.9,3,9,74324.0,30191.64,30,60,60,500,600,600,100,0.45,140.0,140.0,9.0,3.5,7.0,180.0,0.45,200.0,120.0,8.0,4.0,8.5,100,800,50,10
336,250.02,598,180,4.5,5,45,4.36,4.74,3.0,33.0,0,10,74324.0,30191.64,30,60,60,500,600,600,100,0.45,140.0,140.0,9.0,3.5,7.0,180.0,0.45,200.0,120.0,8.0,4.0,8.5,100,800,50,10
337,285.66,600,228,4.1,6,41,4.22,4.64,3.0,33.2,2,8,74324.0,30191.64,30,60,60,500,600,600,100,0.45,140.0,140.0,9.0,3.5,7.0,180.0,0.45,200.0,120.0,8.0,4.0,8.5,100,800,50,10
338,243.6,552,190,4.4,5,44,4.12,4.0,3.0,33.0,0,10,74324.0,30191.64,30,60,60,500,600,600,100,0.45,140.0,140.0,9.0,3.5,7.0,180.0,0.45,200.0,120.0,8.0,4.0,8.5,100,800,50,10
339,252.16,552,193,4.3,6,43,4.16,4.5,3.0,32.7,0,9,74324.0,30191.64,30,60,60,500,600,600,100,0.45,140.0,140.0,9.0,3.5,7.0,180.0,0.45,200.0,120.0,8.0,4.0,8.5,100,800,50,10
340,246.44,600,205,4.2,6,42,4.06,4.5,3.0,32.5,2,7,74324.0,30191.64,30,60,60,500,600,600,100,0.45,140.0,140.0,9.0,3.5,7.0,180.0,0.45,200.0,120.0,8.0,4.0,8.5,100,800,50,10
341,310.2,600,205,3.5,5,35,3.9,4.54,3.0,31.5,7,7,74324.0,30191.64,30,60,60,500,600,600,100,0.45,140.0,140.0,9.0,3.5,7.0,180.0,0.45,200.0,120.0,8.0,4.0,8.5,100,800,50,10
342,269.64,600,190,4.2,6,42,4.1,5.0,3.0,32.1,1,9,74324.0,30191.64,30,60,60,500,600,600,100,0.45,140.0,140.0,9.0,3.5,7.0,180.0,0.45,200.0,120.0,8.0,4.0,8.5,100,800,50,10
343,243.62,518,159,4.1,5,41,3.9,4.24,3.0,31.7,0,10,74324.0,30191.64,30,60,60,500,600,600,100,0.45,140.0,140.0,9.0,3.5,7.0,180.0,0.45,200.0,120.0,8.0,4.0,8.5,100,800,50,10
344,265.94,600,210,4.5,6,45,3.88,4.32,3.0,31.5,1,10,74324.0,30191.64,30,60,60,500,600,600,100,0.45,140.0,140.0,9.0,3.5,7.0,180.0,0.45,200.0,120.0,8.0,4.0,8.5,100,800,50,10
345,288.82,600,217,3.9,5,39,3.74,4.08,3.0,30.6,3,10,74324.0,30191.64,30,60,60,500,600,600,100,0.45,140.0,140.0,9.0,3.5,7.0,180.0,0.45,200.0,120.0,8.0,4.0,8.5,100,800,50,10
346,260.72,600,210,4.1,5,41,3.9,4.22,3.0,29.7,4,7,74324.0,30191.64,30,60,60,500,600,600,100,0.45,140.0,140.0,9.0,3.5,7.0,180.0,0.45,200.0,120.0,8.0,4.0,8.5,100,800,50,10
347,251.7,600,190,3.6,5,36,4.12,4.72,3.0,29.6,2,7,74324.0,30191.64,30,60,60,500,600,600,100,0.45,140.0,140.0,9.0,3.5,7.0,180.0,0.45,200.0,120.0,8.0,4.0,8.5,100,800,50,10
348,259.38,600,198,4.1,5,41,3.96,4.7,3.0,29.6,2,8,74324.0,30191.64,30,60,60,500,600,600,100,0.45,140.0,140.0,9.0,3.5,7.0,180.0,0.45,200.0,120.0,8.0,4.0,8.5,100,800,50,10
349,259.06,600,200,4.1,5,41,3.54,3.92,3.0,29.1,2,10,74324.0,30191.64,30,60,60,500,600,600,100,0.45,140.0,140.0,9.0,3.5,7.0,180.0,0.45,200.0,120.0,8.0,4.0,8.5,100,800,50,10
350,266.5,600,193,4.1,5,41,3.58,3.7,3.1,29.9,2,9,74324.0,30191.64,30,60,60,500,600,600,100,0.45,140.0,140.0,9.0,3.5,7.0,180.0,0.45,200.0,120.0,8.0,4.0,8.5,100,800,50,10
351,272.26,560,188,4.2,5,42,3.46,3.52,3.0,30.0,0,10,74324.0,30191.64,30,60,60,500,600,600,100,0.45,140.0,140.0,9.0,3.5,7.0,180.0,0.45,200.0,120.0,8.0,4.0,8.5,100,800,50,10
352,253.7,591,188,4.1,5,41,3.38,3.54,3.0,29.2,0,10,74324.0,30191.64,30,60,60,500,600,600,100,0.45,140.0,140.0,9.0,3.5,7.0,180.0,0.45,200.0,120.0,8.0,4.0,8.5,100,800,50,10
353,259.8,600,181,3.7,6,37,3.42,3.14,3.0,28.1,2,8,74324.0,30191.64,30,60,60,500,600,600,100,0.45,140.0,140.0,9.0,3.5,7.0,180.0,0.45,200.0,120.0,8.0,4.0,8.5,100,800,50,10
354,264.18,600,196,4.2,6,42,3.64,3.52,3.0,28.9,1,9,74324.0,30191.64,30,60,60,500,600,600,100,0.45,140.0,140.0,9.0,3.5,7.0,180.0,0.45,200.0,120.0,8.0,4.0,8.5,100,800,50,10
355,265.0,600,188,4.4,6,44,3.62,3.58,3.0,28.9,1,9,74324.0,30191.64,30,60,60,500,600,600,100,0.45,140.0,140.0,9.0,3.5,7.0,180.0,0.45,200.0,120.0,8.0,4.0,8.5,100,800,50,10
356,248.88,600,182,3.6,5,36,3.42,3.42,3.0,30.3,2,8,74324.0,30191.64,30,60,60,500,600,600,100,0.45,140.0,140.0,9.0,3.5,7.0,180.0,0.45,200.0,120.0,8.0,4.0,8.5,100,800,50,10
357,275.02,600,217,3.9,6,39,3.42,3.22,3.0,31.3,4,9,74324.0,30191.64,30,60,60,500,600,600,100,0.45,140.0,140.0,9.0,3.5,7.0,180.0,0.45,200.0,120.0,8.0,4.0,8.5,100,800,50,10
358,273.68,600,207,4.1,5,41,3.42,3.06,3.0,31.0,2,10,74324.0,30191.64,30,60,60,500,600,600,100,0.45,140.0,140.0,9.0,3.5,7.0,180.0,0.45,200.0,120.0,8.0,4.0,8.5,100,800,50,10
359,264.78,600,204,4.0,6,40,3.48,3.06,3.0,30.2,3,7,74324.0,30191.64,30,60,60,500,600,600,100,0.45,140.0,140.0,9.0,3.5,7.0,180.0,0.45,200.0,120.0,8.0,4.0,8.5,100,800,50,10
360,243.44,600,179,4.3,5,43,3.44,2.98,3.0,30.1,1,8,74324.0,30191.64,30,60,60,500,600,600,100,0.45,140.0,140.0,9.0,3.5,7.0,180.0,0.45,200.0,120.0,8.0,4.0,8.5,100,800,50,10
361,279.04,600,206,3.9,5,39,3.44,3.08,3.0,30.4,5,10,74324.0,30191.64,30,60,60,500,600,600,100,0.45,140.0,140.0,9.0,3.5,7.0,180.0,0.45,200.0,120.0,8.0,4.0,8.5,100,800,50,10
362,254.7,595,179,4.0,5,40,3.46,3.06,3.0,28.6,0,8,74324.0,30191.64,30,60,60,500,600,600,100,0.45,140.0,140.0,9.0,3.5,7.0,180.0,0.45,200.0,120.0,8.0,4.0,8.5,100,800,50,10
363,284.98,600,230,4.1,5,41,3.44,3.42,3.0,28.5,5,9,74324.0,30191.64,30,60,60,500,600,600,100,0.45,140.0,140.0,9.0,3.5,7.0,180.0,0.45,200.0,120.0,8.0,4.0,8.5,100,800,50,10
364,267.7,600,189,4.3,6,43,3.4,3.08,3.0,28.1,1,10,74324.0,30191.64,30,60,60,500,600,600,100,0.45,140.0,140.0,9.0,3.5,7.0,180.0,0.45,200.0,120.0,8.0,4.0,8.5,100,800,50,10
365,283.84,600,211,3.8,6,38,3.44,3.08,3.0,27.6,3,9,74324.0,30191.64,30,60,60,500,600,600,100,0.45,140.0,140.0,9.0,3.5,7.0,180.0,0.45,200.0,120.0,8.0,4.0,8.5,100,800,50,10
366,298.2,600,239,3.6,5,36,3.5,3.12,3.0,28.1,8,7,74324.0,30191.64,30,60,60,500,600,600,100,0.45,140.0,140.0,9.0,3.5,7.0,180.0,0.45,200.0,120.0,8.0,4.0,8.5,100,800,50,10
367,283.52,600,192,3.7,5,37,3.48,3.18,3.0,26.5,3,10,74324.0,30191.64,30,60,60,500,600,600,100,0.45,140.0,140.0,9.0,3.5,7.0,180.0,0.45,200.0,120.0,8.0,4.0,8.5,100,800,50,10
368,329.36,600,222,3.6,6,36,3.48,3.58,3.0,26.0,8,7,74324.0,30191.64,30,60,60,500,600,600,100,0.45,140.0,140.0,9.0,3.5,7.0,180.0,0.45,200.0,120.0,8.0,4.0,8.5,100,800,50,10
369,286.48,600,212,3.7,5,37,3.46,3.46,3.0,25.4,5,7,74324.0,30191.64,30,60,60,500,600,600,100,0.45,140.0,140.0,9.0,3.5,7.0,180.0,0.45,200.0,120.0,8.0,4.0,8.5,100,800,50,10
370,288.3,600,183,3.7,5,37,3.48,3.02,3.0,25.4,3,9,74324.0,30191.64,30,60,60,500,600,600,100,0.45,140.0,140.0,9.0,3.5,7.0,180.0,0.45,200.0,120.0,8.0,4.0,8.5,100,800,50,10
371,281.98,600,171,2.9,5,29,3.48,3.2,3.0,25.5,6,6,74324.0,30191.64,30,60,60,500,600,600,100,0.45,140.0,140.0,9.0,3.5,7.0,180.0,0.45,200.0,120.0,8.0,4.0,8.5,100,800,50,10
372,270.72,599,157,3.9,6,39,3.44,3.1,3.0,25.9,0,6,74324.0,30191.64,30,60,60,500,600,600,100,0.45,140.0,140.0,9.0,3.5,7.0,180.0,0.45,200.0,120.0,8.0,4.0,8.5,100,800,50,10
373,280.0,600,195,3.7,5,37,3.38,3.16,3.0,27.0,2,8,74324.0,30191.64,30,60,60,500,600,600,100,0.45,140.0,140.0,9.0,3.5,7.0,180.0,0.45,200.0,120.0,8.0,4.0,8.5,100,800,50,10
374,294.68,600,196,3.6,6,36,3.36,3.08,3.0,28.1,4,7,74324.0,30191.64,30,60,60,500,600,600,100,0.45,140.0,140.0,9.0,3.5,7.0,180.0,0.45,200.0,120.0,8.0,4.0,8.5,100,800,50,10
375,285.66,600,214,3.4,5,34,3.44,3.24,3.0,28.0,4,9,74324.0,30191.64,30,60,60,500,600,600,100,0.45,140.0,140.0,9.0,3.5,7.0,180.0,0.45,200.0,120.0,8.0,4.0,8.5,100,800,50,10
376,296.62,600,227,3.5,5,35,3.48,3.68,3.0,28.0,6,6,74324.0,30191.64,30,60,60,500,600,600,100,0.45,140.0,140.0,9.0,3.5,7.0,180.0,0.45,200.0,120.0,8.0,4.0,8.5,100,800,50,10
377,285.66,600,215,3.7,6,37,3.34,3.38,3.0,28.6,4,8,74324.0,30191.64,30,60,60,500,600,600,100,0.45,140.0,140.0,9.0,3.5,7.0,180.0,0.45,200.0,120.0,8.0,4.0,8.5,100,800,50,10
378,286.68,600,176,3.6,5,36,3.24,3.5,3.0,27.7,2,7,74324.0,30191.64,30,60,60,500,600,600,100,0.45,140.0,140.0,9.0,3.5,7.0,180.0,0.45,200.0,120.0,8.0,4.0,8.5,100,800,50,10
379,298.4,600,215,3.4,5,34,3.08,3.08,3.0,27.1,7,7,74324.0,30191.64,30,60,60,500,600,600,100,0.45,140.0,140.0,9.0,3.5,7.0,180.0,0.45,200.0,120.0,8.0,4.0,8.5,100,800,50,10
380,311.84,600,207,3.7,6,37,3.0,3.6,3.0,27.5,6,8,74324.0,30191.64,30,60,60,500,600,600,100,0.45,140.0,140.0,9.0,3.5,7.0,180.0,0.45,200.0,120.0,8.0,4.0,8.5,100,800,50,10
381,315.8,600,171,3.2,5,32,3.02,3.22,3.0,27.7,5,6,74324.0,30191.64,30,60,60,500,600,600,100,0.45,140.0,140.0,9.0,3.5,7.0,180.0,0.45,200.0,120.0,8.0,4.0,8.5,100,800,50,10
382,311.1,600,238,3.5,5,35,3.18,3.4,3.0,27.2,6,8,74324.0,30191.64,30,60,60,500,600,600,100,0.45,140.0,140.0,9.0,3.5,7.0,180.0,0.45,200.0,120.0,8.0,4.0,8.5,100,800,50,10
383,290.2,600,209,4.1,6,41,3.18,3.14,3.0,27.1,3,8,74324.0,30191.64,30,60,60,500,600,600,100,0.45,140.0,140.0,9.0,3.5,7.0,180.0,0.45,200.0,120.0,8.0,4.0,8.5,100,800,50,10
384,272.7,579,198,4.1,5,41,3.04,2.96,3.1,27.3,0,10,74324.0,30191.64,30,60,60,500,600,600,100,0.45,140.0,140.0,9.0,3.5,7.0,180.0,0.45,200.0,120.0,8.0,4.0,8.5,100,800,50,10
385,293.68,600,236,3.6,5,36,3.0,2.9,3.0,27.2,5,7,74324.0,30191.64,30,60,60,500,600,600,100,0.45,140.0,140.0,9.0,3.5,7.0,180.0,0.45,200.0,120.0,8.0,4.0,8.5,100,800,50,10
386,328.92,600,256,3.2,5,32,3.04,3.1,3.0,27.1,16,5,74324.0,30191.64,30,60,60,500,600,600,100,0.45,140.0,140.0,9.0,3.5,7.0,180.0,0.45,200.0,120.0,8.0,4.0,8.5,100,800,50,10
387,309.96,600,216,3.3,5,33,3.02,3.32,3.1,27.4,2,7,74324.0,30191.64,30,60,60,500,600,600,100,0.45,140.0,140.0,9.0,3.5,7.0,180.0,0.45,200.0,120.0,8.0,4.0,8.5,100,800,50,10
388,291.7,600,208,3.4,5,34,3.02,3.48,3.3,27.5,4,6,74324.0,30191.64,30,60,60,500,600,600,100,0.45,140.0,140.0,9.0,3.5,7.0,180.0,0.45,200.0,120.0,8.0,4.0,8.5,100,800,50,10
389,278.62,600,201,3.8,6,38,3.06,3.32,3.9,29.1,2,8,74324.0,30191.64,30,60,60,500,600,600,100,0.45,140.0,140.0,9.0,3.5,7.0,180.0,0.45,200.0,120.0,8.0,4.0,8.5,100,800,50,10
390,270.74,600,169,3.8,5,38,3.02,3.38,3.9,28.6,2,9,74324.0,30191.64,30,60,60,500,600,600,100,0.45,140.0,140.0,9.0,3.5,7.0,180.0,0.45,200.0,120.0,8.0,4.0,8.5,100,800,50,10
391,277.98,600,187,3.9,5,39,3.0,3.0,3.4,27.6,4,10,74324.0,30191.64,30,60,60,500,600,600,100,0.45,140.0,140.0,9.0,3.5,7.0,180.0,0.45,200.0,120.0,8.0,4.0,8.5,100,800,50,10
392,281.04,600,219,3.4,4,34,3.0,3.18,3.0,27.5,7,7,74324.0,30191.64,30,60,60,500,600,600,100,0.45,140.0,140.0,9.0,3.5,7.0,180.0,0.45,200.0,120.0,8.0,4.0,8.5,100,800,50,10
393,282.28,600,208,3.0,5,30,3.02,2.76,3.0,27.3,8,4,74324.0,30191.64,30,60,60,500,600,600,100,0.45,140.0,140.0,9.0,3.5,7.0,180.0,0.45,200.0,120.0,8.0,4.0,8.5,100,800,50,10
394,283.92,600,224,3.4,5,34,3.02,2.96,3.0,26.9,6,8,74324.0,30191.64,30,60,60,500,600,600,100,0.45,140.0,140.0,9.0,3.5,7.0,180.0,0.45,200.0,120.0,8.0,4.0,8.5,100,800,50,10
395,255.88,600,181,3.9,6,39,3.02,2.68,3.0,27.3,2,10,74324.0,30191.64,30,60,60,500,600,600,100,0.45,140.0,140.0,9.0,3.5,7.0,180.0,0.45,200.0,120.0,8.0,4.0,8.5,100,800,50,10
396,299.16,600,217,3.5,6,35,3.02,2.76,3.0,27.4,6,7,74324.0,30191.64,30,60,60,500,600,600,100,0.45,140.0,140.0,9.0,3.5,7.0,180.0,0.45,200.0,120.0,8.0,4.0,8.5,100,800,50,10
397,281.08,600,182,3.1,5,31,3.08,2.98,3.0,28.2,4,6,74324.0,30191.64,30,60,60,500,600,600,100,0.45,140.0,140.0,9.0,3.5,7.0,180.0,0.45,200.0,120.0,8.0,4.0,8.5,100,800,50,10
398,330.96,600,239,3.2,5,32,3.08,3.36,3.0,28.1,13,6,74324.0,30191.64,30,60,60,500,600,600,100,0.45,140.0,140.0,9.0,3.5,7.0,180.0,0.45,200.0,120.0,8.0,4.0,8.5,100,800,50,10
399,292.32,600,220,3.8,6,38,3.16,3.7,3.1,28.5,3,7,74324.0,30191.64,30,60,60,500,600,600,100,0.45,140.0,140.0,9.0,3.5,7.0,180.0,0.45,200.0,120.0,8.0,4.0,8.5,100,800,50,10
400,293.14,600,225,4.4,6,44,3.0,3.18,3.1,28.3,2,10,74324.0,30191.64,30,60,60,500,600,600,100,0.45,140.0,140.0,9.0,3.5,7.0,180.0,0.45,200.0,120.0,8.0,4.0,8.5,100,800,50,10
401,275.78,600,186,3.7,6,37,3.04,3.34,3.0,28.1,1,8,74324.0,30191.64,30,60,60,500,600,600,100,0.45,140.0,140.0,9.0,3.5,7.0,180.0,0.45,200.0,120.0,8.0,4.0,8.5,100,800,50,10
402,259.04,600,201,4.3,6,43,3.0,3.22,3.0,28.7,1,9,74324.0,30191.64,30,60,60,500,600,600,100,0.45,140.0,140.0,9.0,3.5,7.0,180.0,0.45,200.0,120.0,8.0,4.0,8.5,100,800,50,10
403,288.12,600,217,4.5,6,45,3.0,3.1,3.1,28.2,2,9,74324.0,30191.64,30,60,60,500,600,600,100,0.45,140.0,140.0,9.0,3.5,7.0,180.0,0.45,200.0,120.0,8.0,4.0,8.5,100,800,50,10
404,289.22,600,214,3.7,5,37,3.0,3.08,3.0,28.3,6,8,74324.0,30191.64,30,60,60,500,600,600,100,0.45,140.0,140.0,9.0,3.5,7.0,180.0,0.45,200.0,120.0,8.0,4.0,8.5,100,800,50,10
405,299.82,600,234,3.9,5,39,3.06,3.34,3.0,28.5,3,8,74324.0,30191.64,30,60,60,500,600,600,100,0.45,140.0,140.0,9.0,3.5,7.0,180.0,0.45,200.0,120.0,8.0,4.0,8.5,100,800,50,10
406,293.12,600,239,4.0,5,40,3.1,2.98,3.1,28.2,6,9,74324.0,30191.64,30,60,60,500,600,600,100,0.45,140.0,140.0,9.0,3.5,7.0,180.0,0.45,200.0,120.0,8.0,4.0,8.5,100,800,50,10
407,305.52,600,245,3.5,5,35,3.02,2.74,3.0,28.9,8,9,74324.0,30191.64,30,60,60,500,600,600,100,0.45,140.0,140.0,9.0,3.5,7.0,180.0,0.45,200.0,120.0,8.0,4.0,8.5,100,800,50,10
408,261.96,600,197,3.9,5,39,3.02,2.94,3.0,28.8,1,9,74324.0,30191.64,30,60,60,500,600,600,100,0.45,140.0,140.0,9.0,3.5,7.0,180.0,0.45,200.0,120.0,8.0,4.0,8.5,100,800,50,10
409,238.32,556,171,4.3,5,43,3.0,2.74,3.0,29.6,0,10,74324.0,30191.64,30,60,60,500,600,600,100,0.45,140.0,140.0,9.0,3.5,7.0,180.0,0.45,200.0,120.0,8.0,4.0,8.5,100,800,50,10
410,247.06,571,146,3.8,5,38,3.02,2.8,3.0,30.1,0,8,74324.0,30191.64,30,60,60,500,600,600,100,0.45,140.0,140.0,9.0,3.5,7.0,180.0,0.45,200.0,120.0,8.0,4.0,8.5,100,800,50,10
411,280.42,600,219,4.3,6,43,3.0,2.64,3.0,30.6,2,9,74324.0,30191.64,30,60,60,500,600,600,100,0.45,140.0,140.0,9.0,3.5,7.0,180.0,0.45,200.0,120.0,8.0,4.0,8.5,100,800,50,10
412,276.28,600,203,3.9,5,39,3.02,2.96,3.0,30.6,3,9,74324.0,30191.64,30,60,60,500,600,600,100,0.45,140.0,140.0,9.0,3.5,7.0,180.0,0.45,200.0,120.0,8.0,4.0,8.5,100,800,50,10
413,264.5,600,195,3.9,6,39,3.0,2.76,3.1,31.5,2,7,74324.0,30191.64,30,60,60,500,600,600,100,0.45,140.0,140.0,9.0,3.5,7.0,180.0,0.45,200.0,120.0,8.0,4.0,8.5,100,800,50,10
414,271.28,600,210,4.4,5,44,3.0,2.86,3.6,32.4,1,10,74324.0,30191.64,30,60,60,500,600,600,100,0.45,140.0,140.0,9.0,3.5,7.0,180.0,0.45,200.0,120.0,8.0,4.0,8.5,100,800,50,10
415,280.58,600,212,4.0,6,40,3.02,2.88,3.6,32.1,3,8,74324.0,30191.64,30,60,60,500,600,600,100,0.45,140.0,140.0,9.0,3.5,7.0,180.0,0.45,200.0,120.0,8.0,4.0,8.5,100,800,50,10
416,255.98,550,162,4.3,6,43,3.0,3.06,3.8,33.2,0,10,74324.0,30191.64,30,60,60,500,600,600,100,0.45,140.0,140.0,9.0,3.5,7.0,180.0,0.45,200.0,120.0,8.0,4.0,8.5,100,800,50,10
417,274.28,600,189,4.2,6,42,3.02,2.94,4.0,33.8,1,9,74324.0,30191.64,30,60,60,500,600,600,100,0.45,140.0,140.0,9.0,3.5,7.0,180.0,0.45,200.0,120.0,8.0,4.0,8.5,100,800,50,10
418,266.96,600,192,4.0,5,40,3.02,2.68,3.9,33.8,1,9,74324.0,30191.64,30,60,60,500,600,600,100,0.45,140.0,140.0,9.0,3.5,7.0,180.0,0.45,200.0,120.0,8.0,4.0,8.5,100,800,50,10
419,237.38,521,184,4.3,5,43,3.0,2.68,4.1,34.3,0,10,74324.0,30191.64,30,60,60,500,600,600,100,0.45,140.0,140.0,9.0,3.5,7.0,180.0,0.45,200.0,120.0,8.0,4.0,8.5,100,800,50,10
420,285.48,600,242,3.8,6,38,3.0,2.62,4.7,35.2,7,6,74324.0,30191.64,30,60,60,500,600,600,100,0.45,140.0,140.0,9.0,3.5,7.0,180.0,0.45,200.0,120.0,8.0,4.0,8.5,100,800,50,10
421,255.32,575,177,4.3,5,43,3.02,2.6,5.0,36.4,0,10,74324.0,30191.64,30,60,60,500,600,600,100,0.45,140.0,140.0,9.0,3.5,7.0,180.0,0.45,200.0,120.0,8.0,4.0,8.5,100,800,50,10
422,250.9,600,182,4.0,5,40,3.02,3.1,4.9,36.2,1,10,74324.0,30191.64,30,60,60,500,600,600,100,0.45,140.0,140.0,9.0,3.5,7.0,180.0,0.45,200.0,120.0,8.0,4.0,8.5,100,800,50,10
423,263.78,600,216,4.1,6,41,3.02,2.82,5.0,36.1,1,9,74324.0,30191.64,30,60,60,500,600,600,100,0.45,140.0,140.0,9.0,3.5,7.0,180.0,0.45,200.0,120.0,8.0,4.0,8.5,100,800,50,10
424,247.06,600,185,4.4,6,44,3.04,2.96,5.0,36.2,1,9,74324.0,30191.64,30,60,60,500,600,600,100,0.45,140.0,140.0,9.0,3.5,7.0,180.0,0.45,200.0,120.0,8.0,4.0,8.5,100,800,50,10
425,265.06,600,215,4.0,6,40,3.02,2.74,5.0,36.1,1,8,74324.0,30191.64,30,60,60,500,600,600,100,0.45,140.0,140.0,9.0,3.5,7.0,180.0,0.45,200.0,120.0,8.0,4.0,8.5,100,800,50,10
426,260.88,600,183,4.3,5,43,3.08,2.8,5.0,35.5,1,10,74324.0,30191.64,30,60,60,500,600,600,100,0.45,140.0,140.0,9.0,3.5,7.0,180.0,0.45,200.0,120.0,8.0,4.0,8.5,100,800,50,10
427,290.58,600,190,3.7,5,37,3.14,2.92,5.0,36.9,6,8,74324.0,30191.64,30,60,60,500,600,600,100,0.45,140.0,140.0,9.0,3.5,7.0,180.0,0.45,200.0,120.0,8.0,4.0,8.5,100,800,50,10
428,305.42,600,198,3.5,5,35,3.22,3.06,5.0,36.7,5,8,74324.0,30191.64,30,60,60,500,600,600,100,0.45,140.0,140.0,9.0,3.5,7.0,180.0,0.45,200.0,120.0,8.0,4.0,8.5,100,800,50,10
429,252.62,600,175,4.0,5,40,3.36,3.34,5.0,36.0,1,9,74324.0,30191.64,30,60,60,500,600,600,100,0.45,140.0,140.0,9.0,3.5,7.0,180.0,0.45,200.0,120.0,8.0,4.0,8.5,100,800,50,10
430,260.12,585,202,4.3,5,43,3.46,3.54,5.0,35.9,0,10,74324.0,30191.64,30,60,60,500,600,600,100,0.45,140.0,140.0,9.0,3.5,7.0,180.0,0.45,200.0,120.0,8.0,4.0,8.5,100,800,50,10
431,285.02,600,215,4.1,6,41,3.44,3.52,5.0,35.4,4,9,74324.0,30191.64,30,60,60,500,600,600,100,0.45,140.0,140.0,9.0,3.5,7.0,180.0,0.45,200.0,120.0,8.0,4.0,8.5,100,800,50,10
432,280.14,600,245,4.3,5,43,3.56,3.76,5.0,35.3,4,10,74324.0,30191.64,30,60,60,500,600,600,100,0.45,140.0,140.0,9.0,3.5,7.0,180.0,0.45,200.0,120.0,8.0,4.0,8.5,100,800,50,10
433,255.78,600,160,4.1,5,41,3.48,3.82,5.0,35.5,2,9,74324.0,30191.64,30,60,60,500,600,600,100,0.45,140.0,140.0,9.0,3.5,7.0,180.0,0.45,200.0,120.0,8.0,4.0,8.5,100,800,50,10
434,246.28,541,188,3.9,5,39,3.54,3.68,5.0,35.5,0,8,74324.0,30191.64,30,60,60,500,600,600,100,0.45,140.0,140.0,9.0,3.5,7.0,180.0,0.45,200.0,120.0,8.0,4.0,8.5,100,800,50,10
435,258.16,600,205,4.3,5,43,3.52,4.02,5.0,35.8,3,10,74324.0,30191.64,30,60,60,500,600,600,100,0.45,140.0,140.0,9.0,3.5,7.0,180.0,0.45,200.0,120.0,8.0,4.0,8.5,100,800,50,10
436,254.48,556,187,4.2,6,42,3.48,4.16,5.0,35.9,0,9,74324.0,30191.64,30,60,60,500,600,600,100,0.45,140.0,140.0,9.0,3.5,7.0,180.0,0.45,200.0,120.0,8.0,4.0,8.5,100,800,50,10
437,277.98,600,245,4.1,5,41,3.48,3.7,5.0,36.5,5,9,74324.0,30191.64,30,60,60,500,600,600,100,0.45,140.0,140.0,9.0,3.5,7.0,180.0,0.45,200.0,120.0,8.0,4.0,8.5,100,800,50,10
438,270.44,600,194,3.9,5,39,3.54,3.96,5.0,36.1,1,9,74324.0,30191.64,30,60,60,500,600,600,100,0.45,140.0,140.0,9.0,3.5,7.0,180.0,0.45,200.0,120.0,8.0,4.0,8.5,100,800,50,10
439,267.32,600,196,4.5,5,45,3.5,3.56,5.0,36.1,1,10,74324.0,30191.64,30,60,60,500,600,600,100,0.45,140.0,140.0,9.0,3.5,7.0,180.0,0.45,200.0,120.0,8.0,4.0,8.5,100,800,50,10
440,270.24,600,201,4.1,6,41,3.44,3.62,5.0,36.1,1,9,74324.0,30191.64,30,60,60,500,600,600,100,0.45,140.0,140.0,9.0,3.5,7.0,180.0,0.45,200.0,120.0,8.0,4.0,8.5,100,800,50,10
441,271.2,600,212,4.3,5,43,3.42,3.54,5.0,36.4,2,10,74324.0,30191.64,30,60,60,500,600,600,100,0.45,140.0,140.0,9.0,3.5,7.0,180.0,0.45,200.0,120.0,8.0,4.0,8.5,100,800,50,10
442,286.72,600,229,4.0,6,40,3.32,3.56,5.0,36.2,4,10,74324.0,30191.64,30,60,60,500,600,600,100,0.45,140.0,140.0,9.0,3.5,7.0,180.0,0.45,200.0,120.0,8.0,4.0,8.5,100,800,50,10
443,260.56,600,208,4.2,5,42,3.52,4.2,5.1,37.0,1,9,74324.0,30191.64,30,60,60,500,600,600,100,0.45,140.0,140.0,9.0,3.5,7.0,180.0,0.45,200.0,120.0,8.0,4.0,8.5,100,800,50,10
444,269.52,600,200,4.2,6,42,3.52,3.8,5.1,36.1,2,10,74324.0,30191.64,30,60,60,500,600,600,100,0.45,140.0,140.0,9.0,3.5,7.0,180.0,0.45,200.0,120.0,8.0,4.0,8.5,100,800,50,10
445,272.16,600,206,4.0,5,40,3.48,3.72,5.0,35.7,4,9,74324.0,30191.64,30,60,60,500,600,600,100,0.45,140.0,140.0,9.0,3.5,7.0,180.0,0.45,200.0,120.0,8.0,4.0,8.5,100,800,50,10
446,254.76,600,196,4.4,5,44,3.36,3.5,4.9,35.5,1,10,74324.0,30191.64,30,60,60,500,600,600,100,0.45,140.0,140.0,9.0,3.5,7.0,180.0,0.45,200.0,120.0,8.0,4.0,8.5,100,800,50,10
447,265.18,600,193,3.9,5,39,3.4,3.44,5.0,34.3,1,9,74324.0,30191.64,30,60,60,500,600,600,100,0.45,140.0,140.0,9.0,3.5,7.0,180.0,0.45,200.0,120.0,8.0,4.0,8.5,100,800,50,10
448,248.08,600,200,4.3,5,43,3.46,3.58,4.9,34.1,1,9,74324.0,30191.64,30,60,60,500,600,600,100,0.45,140.0,140.0,9.0,3.5,7.0,180.0,0.45,200.0,120.0,8.0,4.0,8.5,100,800,50,10
449,249.22,600,191,3.7,5,37,3.48,3.66,5.0,34.1,1,9,74324.0,30191.64,30,60,60,500,600,600,100,0.45,140.0,140.0,9.0,3.5,7.0,180.0,0.45,200.0,120.0,8.0,4.0,8.5,100,800,50,10
450,239.08,560,171,4.2,5,42,3.7,3.92,5.0,34.1,0,9,74324.0,30191.64,30,60,60,500,600,600,100,0.45,140.0,140.0,9.0,3.5,7.0,180.0,0.45,200.0,120.0,8.0,4.0,8.5,100,800,50,10
451,342.02,600,241,3.7,5,37,3.58,3.98,5.0,34.1,9,8,74324.0,30191.64,30,60,60,500,600,600,100,0.45,140.0,140.0,9.0,3.5,7.0,180.0,0.45,200.0,120.0,8.0,4.0,8.5,100,800,50,10
452,264.18,600,189,3.8,5,38,3.7,4.44,5.0,34.1,1,8,74324.0,30191.64,30,60,60,500,600,600,100,0.45,140.0,140.0,9.0,3.5,7.0,180.0,0.45,200.0,120.0,8.0,4.0,8.5,100,800,50,10
453,263.6,600,203,3.9,5,39,3.56,3.94,5.0,33.8,3,9,74324.0,30191.64,30,60,60,500,600,600,100,0.45,140.0,140.0,9.0,3.5,7.0,180.0,0.45,200.0,120.0,8.0,4.0,8.5,100,800,50,10
454,264.42,600,201,3.8,5,38,3.92,4.6,4.9,33.0,2,8,74324.0,30191.64,30,60,60,500,600,600,100,0.45,140.0,140.0,9.0,3.5,7.0,180.0,0.45,200.0,120.0,8.0,4.0,8.5,100,800,50,10
455,261.5,600,203,4.2,5,42,3.84,4.58,5.0,33.0,3,9,74324.0,30191.64,30,60,60,500,600,600,100,0.45,140.0,140.0,9.0,3.5,7.0,180.0,0.45,200.0,120.0,8.0,4.0,8.5,100,800,50,10
456,268.58,600,219,4.1,6,41,3.84,4.64,5.0,33.5,2,8,74324.0,30191.64,30,60,60,500,600,600,100,0.45,140.0,140.0,9.0,3.5,7.0,180.0,0.45,200.0,120.0,8.0,4.0,8.5,100,800,50,10
457,237.76,493,157,4.1,5,41,3.76,4.08,5.0,32.8,0,10,74324.0,30191.64,30,60,60,500,600,600,100,0.45,140.0,140.0,9.0,3.5,7.0,180.0,0.45,200.0,120.0,8.0,4.0,8.5,100,800,50,10
458,250.12,551,185,4.5,6,45,3.88,4.4,5.0,33.1,0,10,74324.0,30191.64,30,60,60,500,600,600,100,0.45,140.0,140.0,9.0,3.5,7.0,180.0,0.45,200.0,120.0,8.0,4.0,8.5,100,800,50,10
459,281.08,600,232,4.5,6,45,3.66,4.18,5.0,33.0,2,10,74324.0,30191.64,30,60,60,500,600,600,100,0.45,140.0,140.0,9.0,3.5,7.0,180.0,0.45,200.0,120.0,8.0,4.0,8.5,100,800,50,10
460,242.38,593,220,4.2,5,42,3.78,4.26,5.0,33.1,0,10,74324.0,30191.64,30,60,60,500,600,600,100,0.45,140.0,140.0,9.0,3.5,7.0,180.0,0.45,200.0,120.0,8.0,4.0,8.5,100,800,50,10
461,235.26,578,187,4.3,6,43,3.88,4.46,5.0,32.7,0,8,74324.0,30191.64,30,60,60,500,600,600,100,0.45,140.0,140.0,9.0,3.5,7.0,180.0,0.45,200.0,120.0,8.0,4.0,8.5,100,800,50,10
462,254.5,600,236,4.4,5,44,3.92,4.54,5.0,32.5,2,10,74324.0,30191.64,30,60,60,500,600,600,100,0.45,140.0,140.0,9.0,3.5,7.0,180.0,0.45,200.0,120.0,8.0,4.0,8.5,100,800,50,10
463,245.84,549,199,4.4,5,44,4.06,4.84,5.0,31.7,0,10,74324.0,30191.64,30,60,60,500,600,600,100,0.45,140.0,140.0,9.0,3.5,7.0,180.0,0.45,200.0,120.0,8.0,4.0,8.5,100,800,50,10
464,262.16,564,210,4.4,6,44,3.94,4.3,5.0,31.5,0,9,74324.0,30191.64,30,60,60,500,600,600,100,0.45,140.0,140.0,9.0,3.5,7.0,180.0,0.45,200.0,120.0,8.0,4.0,8.5,100,800,50,10
465,271.32,600,210,4.0,6,40,4.12,4.5,4.9,30.2,3,9,74324.0,30191.64,30,60,60,500,600,600,100,0.45,140.0,140.0,9.0,3.5,7.0,180.0,0.45,200.0,120.0,8.0,4.0,8.5,100,800,50,10
466,257.52,600,189,4.0,5,40,4.36,5.14,5.0,31.1,1,9,74324.0,30191.64,30,60,60,500,600,600,100,0.45,140.0,140.0,9.0,3.5,7.0,180.0,0.45,200.0,120.0,8.0,4.0,8.5,100,800,50,10
467,262.58,566,184,4.3,5,43,4.46,5.6,4.9,30.4,0,10,74324.0,30191.64,30,60,60,500,600,600,100,0.45,140.0,140.0,9.0,3.5,7.0,180.0,0.45,200.0,120.0,8.0,4.0,8.5,100,800,50,10
468,269.26,600,168,3.9,5,39,4.58,6.1,5.1,30.6,3,8,74324.0,30191.64,30,60,60,500,600,600,100,0.45,140.0,140.0,9.0,3.5,7.0,180.0,0.45,200.0,120.0,8.0,4.0,8.5,100,800,50,10
469,247.0,600,188,4.1,5,41,4.34,5.32,5.0,30.5,1,8,74324.0,30191.64,30,60,60,500,600,600,100,0.45,140.0,140.0,9.0,3.5,7.0,180.0,0.45,200.0,120.0,8.0,4.0,8.5,100,800,50,10
470,255.24,600,175,4.4,6,44,4.76,6.8,4.9,30.0,2,9,74324.0,30191.64,30,60,60,500,600,600,100,0.45,140.0,140.0,9.0,3.5,7.0,180.0,0.45,200.0,120.0,8.0,4.0,8.5,100,800,50,10
471,277.84,600,206,4.2,5,42,3.64,4.2,4.9,30.4,5,8,74324.0,30191.64,30,60,60,500,600,600,100,0.45,140.0,140.0,9.0,3.5,7.0,180.0,0.45,200.0,120.0,8.0,4.0,8.5,100,800,50,10
472,262.18,600,165,4.3,5,43,3.88,4.3,5.1,31.2,2,10,74324.0,30191.64,30,60,60,500,600,600,100,0.45,140.0,140.0,9.0,3.5,7.0,180.0,0.45,200.0,120.0,8.0,4.0,8.5,100,800,50,10
473,252.84,600,192,4.3,5,43,3.84,4.52,5.0,31.3,1,10,74324.0,30191.64,30,60,60,500,600,600,100,0.45,140.0,140.0,9.0,3.5,7.0,180.0,0.45,200.0,120.0,8.0,4.0,8.5,100,800,50,10
474,277.2,600,177,4.2,5,42,3.96,4.8,5.0,32.0,1,8,74324.0,30191.64,30,60,60,500,600,600,100,0.45,140.0,140.0,9.0,3.5,7.0,180.0,0.45,200.0,120.0,8.0,4.0,8.5,100,800,50,10
475,286.84,600,192,3.9,5,39,3.96,4.88,4.9,32.1,4,7,74324.0,30191.64,30,60,60,500,600,600,100,0.45,140.0,140.0,9.0,3.5,7.0,180.0,0.45,200.0,120.0,8.0,4.0,8.5,100,800,50,10
476,274.7,600,211,4.3,6,43,4.2,5.68,5.0,32.0,1,8,74324.0,30191.64,30,60,60,500,600,600,100,0.45,140.0,140.0,9.0,3.5,7.0,180.0,0.45,200.0,120.0,8.0,4.0,8.5,100,800,50,10
477,251.14,600,182,4.1,5,41,4.04,5.3,5.0,32.2,3,9,74324.0,30191.64,30,60,60,500,600,600,100,0.45,140.0,140.0,9.0,3.5,7.0,180.0,0.45,200.0,120.0,8.0,4.0,8.5,100,800,50,10
478,237.56,600,189,4.6,5,46,3.54,3.94,5.0,32.2,1,10,74324.0,30191.64,30,60,60,500,600,600,100,0.45,140.0,140.0,9.0,3.5,7.0,180.0,0.45,200.0,120.0,8.0,4.0,8.5,100,800,50,10
479,258.52,573,176,4.4,5,44,3.72,4.34,5.0,32.1,0,10,74324.0,30191.64,30,60,60,500,600,600,100,0.45,140.0,140.0,9.0,3.5,7.0,180.0,0.45,200.0,120.0,8.0,4.0,8.5,100,800,50,10
480,262.5,600,174,4.1,5,41,3.98,4.84,5.0,32.4,1,10,74324.0,30191.64,30,60,60,500,600,600,100,0.45,140.0,140.0,9.0,3.5,7.0,180.0,0.45,200.0,120.0,8.0,4.0,8.5,100,800,50,10
481,269.54,600,197,4.3,5,43,4.52,5.66,5.0,32.2,2,9,74324.0,30191.64,30,60,60,500,600,600,100,0.45,140.0,140.0,9.0,3.5,7.0,180.0,0.45,200.0,120.0,8.0,4.0,8.5,100,800,50,10
482,258.58,600,179,4.2,5,42,4.52,5.72,5.0,33.2,1,10,74324.0,30191.64,30,60,60,500,600,600,100,0.45,140.0,140.0,9.0,3.5,7.0,180.0,0.45,200.0,120.0,8.0,4.0,8.5,100,800,50,10
483,261.1,600,210,4.1,6,41,4.42,5.82,5.0,32.7,2,8,74324.0,30191.64,30,60,60,500,600,600,100,0.45,140.0,140.0,9.0,3.5,7.0,180.0,0.45,200.0,120.0,8.0,4.0,8.5,100,800,50,10
484,272.96,600,214,4.5,5,45,4.36,5.74,5.0,32.7,1,9,74324.0,30191.64,30,60,60,500,600,600,100,0.45,140.0,140.0,9.0,3.5,7.0,180.0,0.45,200.0,120.0,8.0,4.0,8.5,100,800,50,10
485,252.7,581,192,4.6,6,46,4.28,5.48,5.1,32.6,0,9,74324.0,30191.64,30,60,60,500,600,600,100,0.45,140.0,140.0,9.0,3.5,7.0,180.0,0.45,200.0,120.0,8.0,4.0,8.5,100,800,50,10
486,268.6,512,191,4.3,5,43,4.3,5.68,5.0,33.5,0,10,74324.0,30191.64,30,60,60,500,600,600,100,0.45,140.0,140.0,9.0,3.5,7.0,180.0,0.45,200.0,120.0,8.0,4.0,8.5,100,800,50,10
487,272.16,589,229,4.7,5,47,4.36,5.34,5.0,34.4,0,10,74324.0,30191.64,30,60,60,500,600,600,100,0.45,140.0,140.0,9.0,3.5,7.0,180.0,0.45,200.0,120.0,8.0,4.0,8.5,100,800,50,10
488,263.7,600,189,4.3,5,43,4.24,4.8,5.0,35.0,3,9,74324.0,30191.64,30,60,60,500,600,600,100,0.45,140.0,140.0,9.0,3.5,7.0,180.0,0.45,200.0,120.0,8.0,4.0,8.5,100,800,50,10
489,259.22,600,225,4.3,5,43,4.28,4.96,5.0,34.3,3,10,74324.0,30191.64,30,60,60,500,600,600,100,0.45,140.0,140.0,9.0,3.5,7.0,180.0,0.45,200.0,120.0,8.0,4.0,8.5,100,800,50,10
490,286.4,600,219,3.8,6,38,4.38,5.24,5.0,34.5,6,8,74324.0,30191.64,30,60,60,500,600,600,100,0.45,140.0,140.0,9.0,3.5,7.0,180.0,0.45,200.0,120.0,8.0,4.0,8.5,100,800,50,10
491,244.6,600,145,3.8,5,38,4.48,5.66,5.0,33.9,2,9,74324.0,30191.64,30,60,60,500,600,600,100,0.45,140.0,140.0,9.0,3.5,7.0,180.0,0.45,200.0,120.0,8.0,4.0,8.5,100,800,50,10
492,277.18,600,219,4.2,6,42,4.54,5.82,5.0,33.8,4,8,74324.0,30191.64,30,60,60,500,600,600,100,0.45,140.0,140.0,9.0,3.5,7.0,180.0,0.45,200.0,120.0,8.0,4.0,8.5,100,800,50,10
493,295.42,600,238,4.5,6,45,4.6,5.66,4.9,34.4,4,9,74324.0,30191.64,30,60,60,500,600,600,100,0.45,140.0,140.0,9.0,3.5,7.0,180.0,0.45,200.0,120.0,8.0,4.0,8.5,100,800,50,10
494,265.6,562,198,4.7,5,47,4.64,5.9,5.0,34.8,0,10,74324.0,30191.64,30,60,60,500,600,600,100,0.45,140.0,140.0,9.0,3.5,7.0,180.0,0.45,200.0,120.0,8.0,4.0,8.5,100,800,50,10
495,235.98,500,178,4.5,5,45,4.56,5.64,4.9,34.4,0,10,74324.0,30191.64,30,60,60,500,600,600,100,0.45,140.0,140.0,9.0,3.5,7.0,180.0,0.45,200.0,120.0,8.0,4.0,8.5,100,800,50,10
496,269.36,600,224,4.3,5,43,4.62,5.42,4.2,33.4,3,10,74324.0,30191.64,30,60,60,500,600,600,100,0.45,140.0,140.0,9.0,3.5,7.0,180.0,0.45,200.0,120.0,8.0,4.0,8.5,100,800,50,10
497,261.24,600,211,4.7,5,47,4.6,5.22,4.1,33.4,1,10,74324.0,30191.64,30,60,60,500,600,600,100,0.45,140.0,140.0,9.0,3.5,7.0,180.0,0.45,200.0,120.0,8.0,4.0,8.5,100,800,50,10
498,241.48,533,197,4.3,5,43,4.64,5.14,4.7,34.8,0,10,74324.0,30191.64,30,60,60,500,600,600,100,0.45,140.0,140.0,9.0,3.5,7.0,180.0,0.45,200.0,120.0,8.0,4.0,8.5,100,800,50,10
499,248.5,537,178,4.2,5,42,4.38,4.56,4.1,34.2,0,10,74324.0,30191.64,30,60,60,500,600,600,100,0.45,140.0,140.0,9.0,3.5,7.0,180.0,0.45,200.0,120.0,8.0,4.0,8.5,100,800,50,10
500,263.2,563,199,4.5,6,45,4.22,4.26,4.6,34.6,0,10,74324.0,30191.64,30,60,60,500,600,600,100,0.45,140.0,140.0,9.0,3.5,7.0,180.0,0.45,200.0,120.0,8.0,4.0,8.5,100,800,50,10
