generation,avg_prey_survival,max_prey_survival,total_food,avg_predator_kills,max_predator_kills,total_kills,avg_prey_nodes,avg_prey_connections,avg_pred_nodes,avg_pred_connections,alive_prey_end,alive_pred_end
1,158.9,600,29,1.76,4,44,3.0,87.0,3.0,87.0,1,23
2,172.48,442,25,1.6,4,40,3.04,86.56,3.0,86.72,0,25
3,199.96,379,24,1.24,4,31,3.04,86.22,3.04,85.88,0,25
4,163.84,396,40,1.56,4,39,3.02,85.26,3.0,85.44,0,25
5,158.82,403,44,1.76,3,44,3.18,83.4,3.0,84.04,0,25
6,163.12,448,43,1.72,4,43,3.3,80.74,3.0,83.72,0,25
7,152.18,416,34,1.68,4,42,3.28,77.56,3.04,83.24,0,25
8,184.68,600,56,1.48,4,37,3.42,73.94,3.04,84.08,2,18
9,198.32,600,98,1.8,4,45,3.28,70.8,3.0,83.6,2,22
10,168.04,600,92,1.84,4,46,3.26,66.26,3.08,82.16,2,21
11,167.64,600,76,1.8,3,45,3.3,63.02,3.0,81.32,2,22
12,170.8,490,104,1.92,4,48,3.26,61.28,3.0,80.64,0,25
13,228.08,600,121,1.76,5,44,3.32,59.98,3.0,79.88,2,19
14,164.0,600,91,1.8,4,45,3.22,58.72,3.0,79.76,1,20
15,173.8,600,103,1.88,5,47,3.4,57.82,3.0,78.24,1,20
16,154.26,331,70,1.84,4,46,3.32,55.04,3.0,78.0,0,25
17,166.32,467,73,1.76,4,44,3.48,54.72,3.0,78.0,0,25
18,162.3,600,79,1.56,4,39,3.48,53.74,3.0,77.56,1,20
19,152.74,394,63,1.92,4,48,3.44,50.58,3.0,77.36,0,25
20,158.82,369,54,1.8,4,45,3.4,48.72,3.0,77.6,0,25
21,179.52,451,79,1.6,3,40,3.44,46.54,3.0,76.44,0,25
22,150.06,419,59,1.88,4,47,3.5,43.42,3.0,75.84,0,25
23,161.04,377,60,1.84,4,46,3.64,42.02,3.04,75.76,0,25
24,161.52,388,45,1.72,3,43,3.38,39.02,3.0,76.12,0,25
25,185.56,434,43,1.52,5,38,3.32,37.78,3.0,76.28,0,25
26,182.82,576,53,1.48,3,37,3.02,36.36,3.12,74.6,0,21
27,215.76,531,56,1.56,4,39,3.04,35.46,3.24,73.92,0,25
28,181.82,554,67,1.84,4,46,3.02,34.88,3.08,71.76,0,22
29,200.68,600,49,1.52,3,38,3.0,34.5,3.0,70.6,1,18
30,187.62,600,54,1.56,4,39,3.02,33.0,3.04,69.12,1,18
31,190.92,457,59,1.56,4,39,3.1,32.16,3.16,67.24,0,25
32,182.36,421,65,1.72,4,43,3.14,30.78,3.04,66.12,0,25
33,177.46,442,65,1.84,4,46,3.24,30.34,3.0,66.24,0,25
34,159.64,411,55,1.76,3,44,3.0,29.74,3.0,66.32,0,25
35,151.74,431,61,1.92,4,48,3.0,29.64,3.0,64.8,0,25
36,166.5,358,66,1.84,4,46,3.0,28.5,3.08,64.24,0,25
37,165.52,490,60,1.76,5,44,3.04,26.92,3.0,62.96,0,25
38,145.84,303,51,1.76,3,44,3.02,24.82,3.0,61.4,0,25
39,196.2,366,44,1.52,4,38,3.02,23.5,3.0,60.72,0,25
40,156.74,327,55,1.76,3,44,3.04,21.76,3.0,61.04,0,25
41,146.94,389,67,1.92,3,48,3.06,21.02,3.0,60.36,0,25
42,152.16,341,53,1.92,4,48,3.04,20.12,3.0,59.32,0,25
43,125.66,256,42,2.0,3,50,3.0,19.16,3.04,58.44,0,25
44,152.8,390,43,1.84,3,46,3.0,18.2,3.0,57.68,0,25
45,143.96,296,38,1.8,3,45,3.0,17.82,3.0,58.2,0,25
46,151.22,279,39,1.96,3,49,3.0,17.74,3.0,57.32,0,25
47,143.14,355,43,1.92,4,48,3.02,17.26,3.04,56.68,0,25
48,172.2,407,46,1.8,4,45,3.0,16.94,3.04,57.68,0,25
49,131.9,324,35,1.84,4,46,3.02,16.26,3.32,58.44,0,25
50,138.56,365,49,1.84,3,46,3.02,15.08,3.08,57.84,0,25
51,179.08,600,64,1.8,3,45,3.06,14.28,3.0,57.56,1,22
52,170.22,352,45,1.88,4,47,3.14,14.4,3.0,57.76,0,25
53,169.54,343,46,1.84,3,46,3.24,14.24,3.04,57.28,0,25
54,158.04,440,66,1.96,4,49,3.22,14.02,3.0,56.4,0,25
55,132.28,346,57,1.96,4,49,3.26,14.48,3.0,55.48,0,25
56,154.28,418,64,1.92,4,48,3.38,14.34,3.0,54.48,0,25
57,147.28,296,44,1.84,3,46,3.48,13.66,3.0,54.48,0,25
58,159.48,501,68,1.96,4,49,3.62,12.62,3.0,53.72,0,25
59,154.28,369,66,1.88,4,47,3.54,12.22,3.04,53.56,0,25
60,141.52,312,44,1.88,4,47,3.56,11.54,3.0,53.28,0,25
61,120.48,315,33,2.0,4,50,3.84,11.58,3.0,53.4,0,25
62,141.38,407,63,2.0,4,50,3.64,10.94,3.04,52.16,0,25
63,148.84,333,44,1.92,3,48,3.4,10.04,3.0,50.96,0,25
64,131.96,354,37,2.0,3,50,3.2,9.66,3.0,49.4,0,25
65,141.72,323,37,1.88,3,47,3.38,10.6,3.0,47.28,0,25
66,142.32,291,54,1.92,3,48,3.38,10.4,3.0,46.16,0,25
67,146.14,327,53,1.92,4,48,3.48,10.6,3.0,45.28,0,25
68,198.8,437,56,1.44,3,36,3.42,10.2,3.08,45.2,0,25
69,163.96,345,56,1.68,3,42,3.36,9.64,3.0,44.52,0,25
70,146.34,352,57,1.88,3,47,3.2,9.54,3.04,44.76,0,25
71,161.3,349,51,1.72,3,43,3.02,9.3,3.0,44.04,0,25
72,127.86,266,50,1.96,3,49,3.0,9.02,3.0,42.68,0,25
73,132.04,281,25,1.88,3,47,3.02,9.24,3.0,42.56,0,25
74,154.2,327,37,1.96,3,49,3.02,8.92,3.04,42.0,0,25
75,144.32,312,51,1.68,4,42,3.02,8.22,3.0,42.2,0,25
76,142.8,326,50,1.88,4,47,3.04,8.12,3.0,41.84,0,25
77,138.76,347,68,1.92,4,48,3.02,7.94,3.0,41.88,0,25
78,152.52,383,60,1.84,4,46,3.0,7.78,3.0,42.12,0,25
79,165.6,354,35,1.8,3,45,3.0,7.86,3.04,41.92,0,25
80,147.7,368,37,1.84,4,46,3.02,7.74,3.04,42.28,0,25
81,150.34,275,26,1.76,3,44,3.0,7.46,3.28,43.52,0,25
82,150.14,360,55,1.88,3,47,3.04,7.76,3.12,42.72,0,25
83,136.96,337,40,1.88,4,47,3.22,8.12,3.0,41.36,0,25
84,162.16,348,38,1.72,3,43,3.24,7.82,3.0,40.32,0,25
85,122.46,293,34,2.0,3,50,3.18,7.7,3.04,40.04,0,25
86,159.36,285,34,1.72,3,43,3.18,7.24,3.0,38.76,0,25
87,188.18,377,42,1.8,4,45,3.36,7.18,3.04,37.72,0,25
88,144.1,340,49,1.96,4,49,3.38,6.82,3.4,37.04,0,25
89,134.02,321,49,1.96,3,49,3.42,6.9,3.36,35.96,0,25
90,125.32,293,66,2.0,3,50,3.2,6.74,3.04,34.56,0,25
91,121.36,266,39,1.96,3,49,3.06,6.74,3.08,34.08,0,25
92,147.52,305,33,1.92,3,48,3.06,6.76,3.0,32.88,0,25
93,156.84,267,15,1.76,3,44,3.02,7.02,3.0,32.08,0,25
94,168.5,407,51,1.76,4,44,3.0,6.98,3.0,31.52,0,25
95,108.24,281,48,1.96,3,49,3.02,6.7,3.04,30.16,0,25
96,147.92,363,60,1.96,3,49,3.18,6.32,3.04,29.64,0,25
97,180.2,397,77,1.92,4,48,3.06,5.96,3.24,28.92,0,25
98,151.88,357,32,1.76,3,44,3.02,5.44,3.04,28.08,0,25
99,153.22,345,58,1.96,4,49,3.0,5.5,3.08,27.04,0,25
100,180.4,355,29,1.44,3,36,3.0,5.0,3.0,27.16,0,25
101,140.16,292,46,1.8,3,45,3.0,4.72,3.08,26.6,0,25
102,137.24,271,38,1.72,3,43,3.0,4.56,3.08,25.92,0,25
103,134.98,262,33,2.0,3,50,3.04,4.84,3.04,25.84,0,25
104,120.7,325,34,2.0,4,50,3.0,4.38,3.04,26.08,0,25
105,145.36,369,26,1.96,3,49,3.0,4.62,3.04,25.28,0,25
106,151.24,284,30,1.88,3,47,3.0,5.02,3.0,25.0,0,25
107,148.12,307,40,1.8,3,45,3.0,4.88,3.04,23.96,0,25
108,128.92,413,46,2.0,3,50,3.04,5.38,3.0,23.44,0,25
109,101.24,333,34,1.96,3,49,3.02,4.84,3.0,23.32,0,25
110,130.66,305,50,2.0,3,50,3.04,5.02,3.0,22.44,0,25
111,109.88,311,49,2.0,3,50,3.0,5.0,3.0,23.0,0,25
112,128.54,290,48,1.88,3,47,3.04,5.12,3.08,22.56,0,25
113,140.94,302,57,2.0,4,50,3.02,4.68,3.04,22.52,0,25
114,136.84,289,29,1.8,3,45,3.0,4.62,3.44,23.52,0,25
115,134.96,287,45,2.0,3,50,3.04,4.98,3.88,23.6,0,25
116,133.24,303,39,1.88,3,47,3.02,4.98,3.76,23.24,0,25
117,126.04,306,33,1.88,3,47,3.02,5.04,3.6,22.44,0,25
118,147.0,361,38,1.8,3,45,3.0,4.72,3.04,21.64,0,25
119,118.92,308,43,1.92,4,48,3.02,4.86,3.0,21.52,0,25
120,123.72,292,36,1.84,3,46,3.02,4.6,3.0,21.36,0,25
121,125.88,303,37,1.8,3,45,3.04,4.56,3.0,21.04,0,25
122,115.76,266,51,1.96,3,49,3.22,5.0,3.0,21.32,0,25
123,141.32,268,29,1.92,3,48,3.56,5.16,3.0,21.28,0,25
124,121.9,327,38,2.0,3,50,3.52,4.68,3.0,21.52,0,25
125,110.66,266,25,1.96,3,49,3.56,4.84,3.0,21.64,0,25
126,138.04,308,44,1.88,4,47,3.76,5.28,3.0,21.56,0,25
127,155.0,414,37,1.84,3,46,4.0,5.8,3.0,21.4,0,25
128,140.16,332,40,1.88,3,47,4.12,5.62,3.0,21.8,0,25
129,156.12,355,47,1.8,4,45,3.6,4.52,3.0,21.64,0,25
130,129.7,320,59,1.96,3,49,3.98,5.24,3.0,21.4,0,25
131,149.14,318,38,1.96,3,49,3.96,5.5,3.0,20.8,0,25
132,119.76,276,32,1.92,3,48,4.56,6.54,3.0,20.68,0,25
133,116.04,303,38,1.96,4,49,4.96,7.26,3.0,21.2,0,25
134,144.94,348,39,1.88,4,47,5.0,7.82,3.04,21.08,0,25
135,122.3,310,34,1.88,3,47,4.98,7.74,3.0,20.52,0,25
136,127.32,266,29,1.96,3,49,4.98,7.08,3.0,20.48,0,25
137,107.8,279,27,2.0,3,50,4.98,7.1,3.0,20.88,0,25
138,129.06,306,37,1.96,3,49,5.02,6.58,3.08,20.68,0,25
139,114.84,278,39,2.0,3,50,5.04,6.2,3.0,20.56,0,25
140,119.6,327,43,2.0,3,50,4.96,6.56,3.04,20.28,0,25
141,114.42,266,25,1.84,3,46,4.96,6.52,3.0,20.6,0,25
142,125.14,337,40,1.96,3,49,5.0,6.18,3.04,20.24,0,25
143,117.04,289,41,2.0,3,50,5.02,5.92,3.2,20.36,0,25
144,119.24,311,30,1.96,3,49,5.02,5.96,3.2,20.28,0,25
145,122.42,293,39,1.96,3,49,5.18,6.46,3.04,20.24,0,25
146,103.52,331,43,2.0,3,50,5.26,6.68,3.04,20.36,0,25
147,128.16,266,14,1.88,3,47,4.84,5.88,3.0,20.2,0,25
148,141.5,415,46,1.92,4,48,4.56,5.56,3.0,20.16,0,25
149,129.36,249,28,2.0,3,50,4.6,5.96,3.0,19.44,0,25
150,120.82,277,29,1.96,3,49,4.72,5.98,3.0,19.08,0,25
151,123.68,331,37,1.96,4,49,5.36,7.5,3.0,19.16,0,25
152,118.16,271,36,1.88,3,47,5.24,6.96,3.0,18.72,0,25
153,114.42,312,29,1.88,3,47,5.02,6.18,3.04,18.24,0,25
154,121.06,266,28,1.96,3,49,4.8,5.88,3.08,18.08,0,25
155,122.0,293,32,1.92,3,48,4.64,5.08,3.4,17.84,0,25
156,117.56,299,31,2.0,3,50,5.0,5.44,3.2,17.64,0,25
157,121.94,333,39,1.92,3,48,5.12,5.96,3.04,18.08,0,25
158,132.28,266,44,1.96,3,49,5.42,6.58,3.0,17.96,0,25
159,124.42,304,29,2.0,3,50,5.18,5.92,3.0,17.76,0,25
160,127.22,275,46,1.96,3,49,4.9,5.82,3.0,17.24,0,25
161,113.92,266,38,2.0,3,50,5.02,5.52,3.0,17.28,0,25
162,119.3,461,45,2.0,4,50,4.8,5.94,3.0,17.48,0,25
163,121.68,326,37,1.92,3,48,4.54,5.48,3.0,18.2,0,25
164,120.06,267,34,1.96,3,49,4.68,4.88,3.0,17.28,0,25
165,179.62,309,26,1.68,3,42,4.84,5.12,3.0,16.8,0,25
166,138.2,266,25,1.92,3,48,4.68,4.52,3.0,16.84,0,25
167,130.06,296,36,2.0,3,50,4.84,4.7,3.04,17.16,0,25
168,119.48,257,24,2.0,3,50,4.6,4.48,3.0,16.6,0,25
169,132.8,296,27,1.8,3,45,4.54,4.12,3.04,16.68,0,25
170,127.96,333,28,2.0,4,50,4.76,3.92,3.0,16.32,0,25
171,131.4,267,25,1.8,3,45,4.74,3.58,3.0,16.4,0,25
172,123.94,279,38,1.92,3,48,4.62,3.42,3.0,16.32,0,25
173,127.06,255,36,2.0,3,50,4.76,3.28,3.0,16.32,0,25
174,117.92,267,24,1.92,3,48,4.18,2.96,3.0,16.56,0,25
175,130.46,286,19,1.8,3,45,4.0,2.7,3.0,16.8,0,25
176,156.34,357,55,1.84,3,46,4.24,2.8,3.0,16.48,0,25
177,122.06,278,52,1.96,3,49,4.52,3.14,3.0,16.84,0,25
178,157.2,348,54,1.88,4,47,4.6,3.32,3.0,16.88,0,25
179,131.52,269,30,1.92,3,48,4.56,3.2,3.0,16.64,0,25
180,151.08,331,39,1.76,3,44,4.86,3.36,3.04,16.4,0,25
181,114.34,266,31,1.96,3,49,4.5,3.02,3.0,16.16,0,25
182,142.3,293,28,1.96,3,49,4.52,3.28,3.04,16.08,0,25
183,114.54,269,18,1.92,3,48,4.54,3.02,3.0,16.0,0,25
184,126.44,296,48,1.96,3,49,4.82,3.14,3.04,16.0,0,25
185,143.68,339,47,1.8,4,45,4.94,4.04,3.04,15.52,0,25
186,128.14,284,39,1.92,3,48,4.84,3.66,3.0,15.44,0,25
187,129.06,281,39,1.88,3,47,5.02,4.04,3.0,15.64,0,25
188,139.24,349,51,1.92,3,48,5.0,3.46,3.0,16.24,0,25
189,126.56,336,42,1.96,3,49,5.02,3.6,3.08,15.64,0,25
190,150.3,305,43,1.84,3,46,5.14,3.62,3.24,15.32,0,25
191,124.78,272,38,1.96,3,49,5.26,3.52,3.36,15.96,0,25
192,145.02,411,55,1.92,3,48,5.6,4.16,3.52,16.56,0,25
193,172.84,391,50,1.8,4,45,5.8,4.16,3.76,16.92,0,25
194,115.22,249,34,2.0,3,50,5.72,4.22,3.96,16.76,0,25
195,155.04,396,45,1.92,4,48,5.8,4.5,4.04,16.76,0,25
196,108.58,260,28,2.0,3,50,5.94,4.3,4.0,16.72,0,25
197,170.48,360,39,1.76,4,44,6.0,4.9,3.96,17.28,0,25
198,146.22,300,19,1.76,4,44,5.72,4.56,3.6,15.92,0,25
199,122.56,309,35,2.0,3,50,6.0,5.2,3.88,17.16,0,25
200,118.0,266,39,1.96,3,49,6.04,5.56,3.96,16.52,0,25
201,160.08,355,49,2.0,3,50,6.1,5.46,4.0,16.52,0,25
202,147.6,326,37,1.72,3,43,6.12,5.66,4.0,16.8,0,25
203,128.82,267,30,1.96,3,49,6.12,6.06,4.04,16.88,0,25
204,140.7,290,47,2.0,3,50,6.0,6.04,3.92,16.24,0,25
205,134.84,251,26,2.0,3,50,6.0,5.94,3.88,15.56,0,25
206,135.64,355,33,2.0,4,50,6.08,6.5,4.0,16.8,0,25
207,162.76,372,43,1.72,3,43,6.22,5.92,4.0,16.04,0,25
208,133.3,314,38,2.0,3,50,6.22,5.5,4.24,16.68,0,25
209,153.5,341,52,1.72,3,43,6.1,5.58,4.32,17.4,0,25
210,125.86,273,27,1.96,3,49,6.14,6.36,4.6,17.12,0,25
211,132.38,318,38,1.96,3,49,6.12,6.18,4.64,17.36,0,25
212,124.06,286,50,1.92,3,48,6.04,6.58,4.56,17.08,0,25
213,145.8,379,30,2.0,3,50,6.02,6.04,4.08,16.24,0,25
214,145.66,382,30,1.88,3,47,6.0,5.66,3.96,16.0,0,25
215,157.48,355,54,1.64,4,41,6.02,5.66,3.88,16.08,0,25
216,126.84,307,33,1.88,3,47,6.06,5.84,4.0,16.92,0,25
217,109.58,257,29,2.0,3,50,6.14,5.9,4.04,17.32,0,25
218,140.06,269,36,1.88,3,47,5.94,5.08,4.16,17.44,0,25
219,153.88,280,30,1.72,3,43,5.82,5.1,4.0,17.32,0,25
220,118.06,268,33,2.0,3,50,5.96,5.84,3.92,15.88,0,25
221,133.1,266,23,1.92,3,48,6.0,6.02,3.68,14.96,0,25
222,152.6,277,23,1.84,3,46,6.08,6.5,3.48,13.64,0,25
223,121.68,277,34,1.96,3,49,6.04,6.44,3.08,11.36,0,25
224,127.82,305,49,1.96,3,49,5.96,6.6,3.16,11.48,0,25
225,138.74,270,31,1.96,3,49,6.0,6.84,3.04,10.76,0,25
226,128.1,282,32,1.92,3,48,5.94,6.26,3.04,10.2,0,25
227,162.94,284,33,1.6,3,40,6.0,6.04,3.2,10.36,0,25
228,107.9,255,38,2.0,3,50,6.04,5.66,3.12,10.2,0,25
229,131.1,266,35,1.92,3,48,6.06,6.4,3.04,10.56,0,25
230,105.98,266,28,2.0,3,50,6.02,6.3,3.0,9.64,0,25
231,134.96,342,49,2.0,4,50,6.2,6.74,3.0,9.76,0,25
232,153.9,319,25,1.68,3,42,6.4,7.02,3.0,10.04,0,25
233,133.3,266,27,2.0,3,50,6.1,6.46,3.04,10.72,0,25
234,184.86,348,40,1.76,3,44,6.18,6.46,3.0,9.36,0,25
235,135.0,269,25,1.84,3,46,6.52,7.16,3.0,9.72,0,25
236,113.0,293,44,2.0,3,50,6.4,6.7,3.04,9.96,0,25
237,120.92,256,28,2.0,3,50,6.3,6.94,3.36,10.24,0,25
238,140.5,329,48,1.84,3,46,6.24,6.4,3.36,9.96,0,25
239,122.94,323,40,2.0,3,50,6.76,7.5,3.68,11.0,0,25
240,116.32,321,45,2.0,3,50,6.7,7.54,3.76,11.4,0,25
241,113.1,314,38,2.0,3,50,6.74,7.44,3.96,11.32,0,25
242,134.88,401,39,1.8,3,45,6.62,7.02,3.96,11.16,0,25
243,145.72,306,39,1.84,3,46,6.46,7.16,4.0,11.28,0,25
244,152.82,342,75,1.92,3,48,5.98,6.98,4.04,11.72,0,25
245,130.16,285,37,2.0,3,50,6.1,7.28,3.96,11.32,0,25
246,114.02,214,27,2.0,3,50,6.06,7.3,3.96,10.96,0,25
247,153.86,349,50,1.96,3,49,5.98,7.4,4.0,10.92,0,25
248,118.28,307,32,1.92,3,48,5.88,7.78,4.0,11.2,0,25
249,144.3,341,39,1.96,3,49,5.5,7.16,4.04,10.88,0,25
250,149.36,398,67,2.0,4,50,5.3,6.2,3.96,10.92,0,25
251,138.9,305,51,1.96,4,49,5.46,6.2,4.0,10.52,0,25
252,114.36,323,43,2.0,3,50,5.46,5.94,4.0,10.6,0,25
253,143.38,378,61,1.84,3,46,5.44,5.54,4.0,10.68,0,25
254,128.76,268,30,1.96,3,49,5.12,4.92,4.04,10.32,0,25
255,138.46,384,32,2.0,3,50,4.88,4.36,4.28,11.64,0,25
256,141.1,303,36,1.84,3,46,4.7,3.98,4.6,11.96,0,25
257,141.18,385,32,1.92,3,48,4.68,4.26,4.56,11.16,0,25
258,121.82,302,34,1.92,3,48,4.44,3.66,4.56,11.8,0,25
259,135.0,289,38,1.88,3,47,4.24,3.16,4.44,10.56,0,25
260,157.0,374,40,1.76,3,44,4.0,2.68,4.12,9.96,0,25
261,137.42,297,37,1.92,3,48,3.96,2.46,4.08,9.68,0,25
262,117.48,239,36,2.0,3,50,3.9,2.4,4.04,9.92,0,25
263,150.42,335,37,1.96,3,49,4.0,2.62,4.0,9.64,0,25
264,155.8,285,36,1.76,3,44,4.04,2.96,3.88,9.28,0,25
265,125.8,278,37,1.96,3,49,4.02,2.58,3.8,9.32,0,25
266,151.1,299,47,1.96,3,49,4.02,2.52,4.04,9.96,0,25
267,114.58,313,52,2.0,3,50,3.9,2.4,4.28,10.88,0,25
268,144.62,290,33,1.8,4,45,3.92,2.44,4.48,11.24,0,25
269,131.82,284,40,1.96,3,49,3.88,2.54,4.68,11.68,0,25
270,129.48,331,39,1.96,3,49,3.62,2.42,4.0,10.16,0,25
271,136.96,328,35,1.92,3,48,3.66,2.52,4.0,10.2,0,25
272,132.8,362,45,1.96,3,49,3.8,2.72,3.88,10.36,0,25
273,132.9,266,34,1.92,3,48,3.86,3.18,4.0,10.44,0,25
274,138.54,390,50,1.88,3,47,3.98,3.3,4.0,10.16,0,25
275,170.56,305,34,1.76,3,44,3.94,3.28,4.0,10.24,0,25
276,148.38,343,33,2.0,3,50,4.12,3.92,4.0,10.12,0,25
277,144.66,303,40,1.8,3,45,3.8,3.52,4.04,10.6,0,25
278,131.84,265,25,2.0,3,50,3.84,3.38,4.08,10.44,0,25
279,129.06,433,53,1.96,3,49,3.6,3.08,4.0,9.72,0,25
280,100.54,236,31,2.0,3,50,3.96,3.62,3.96,10.36,0,25
281,126.36,336,41,2.0,4,50,3.9,3.74,4.0,10.24,0,25
282,145.14,371,59,1.92,4,48,3.8,3.64,3.92,10.76,0,25
283,115.0,271,47,1.96,3,49,3.52,3.52,4.0,11.12,0,25
284,128.12,254,22,2.0,3,50,3.04,3.02,4.12,11.08,0,25
285,131.98,339,34,1.92,3,48,3.02,2.74,4.4,11.28,0,25
286,133.64,289,51,1.84,4,46,3.02,3.06,4.04,10.84,0,25
287,142.96,310,56,1.84,3,46,3.04,2.76,4.04,10.0,0,25
288,130.58,275,19,2.0,3,50,3.02,2.76,4.04,9.84,0,25
289,148.1,316,37,1.88,3,47,3.04,2.94,4.0,9.4,0,25
290,146.36,398,47,1.84,3,46,3.0,2.68,3.96,9.52,0,25
291,122.52,284,22,1.92,3,48,3.0,2.7,4.0,9.24,0,25
292,119.3,288,41,1.92,3,48,3.0,2.66,3.96,9.04,0,25
293,125.2,415,42,1.88,4,47,3.04,2.78,4.0,8.88,0,25
294,129.92,328,32,1.88,3,47,3.08,2.94,4.24,9.56,0,25
295,129.96,283,32,2.0,3,50,3.1,3.22,4.36,10.08,0,25
296,135.36,363,39,2.0,3,50,3.16,2.78,4.32,10.36,0,25
297,134.42,323,54,1.88,3,47,3.02,2.54,4.28,10.8,0,25
298,141.72,399,42,1.96,3,49,3.04,2.56,4.24,9.4,0,25
299,113.48,301,41,1.92,3,48,3.08,2.62,4.0,9.2,0,25
300,109.9,285,46,1.96,3,49,3.02,2.56,4.0,9.16,0,25
301,137.68,388,28,1.72,3,43,3.02,2.78,3.96,9.4,0,25
302,140.76,357,39,1.92,3,48,3.2,2.96,4.0,8.96,0,25
303,115.18,224,26,2.0,3,50,3.44,3.14,3.96,8.36,0,25
304,156.24,377,33,1.88,4,47,3.54,3.62,4.0,8.32,0,25
305,130.36,257,17,2.0,3,50,3.46,3.4,3.96,8.04,0,25
306,113.02,294,36,1.92,3,48,3.52,3.2,3.96,7.96,0,25
307,157.62,297,30,1.88,3,47,3.9,3.72,3.72,8.84,0,25
308,145.16,453,59,1.88,4,47,3.68,3.62,3.96,8.92,0,25
309,127.08,348,43,1.92,4,48,3.3,3.5,3.96,8.64,0,25
310,116.76,301,41,2.0,4,50,3.34,3.14,3.96,8.56,0,25
311,125.24,383,38,1.96,3,49,3.44,3.04,4.0,8.44,0,25
312,101.14,257,38,2.0,3,50,3.32,3.06,3.92,8.08,0,25
313,135.08,321,39,1.88,4,47,3.38,3.42,4.04,8.08,0,25
314,112.48,238,46,2.0,3,50,3.72,3.88,4.04,7.84,0,25
315,136.92,475,63,1.96,3,49,3.74,3.84,3.68,7.08,0,25
316,129.72,304,36,1.92,3,48,3.72,4.06,3.92,7.12,0,25
317,143.2,267,22,1.84,3,46,3.88,4.62,4.36,7.08,0,25
318,164.16,300,49,1.76,3,44,3.68,3.9,5.0,7.76,0,25
319,167.52,436,45,1.76,4,44,3.82,4.26,5.0,8.04,0,25
320,154.54,340,34,1.72,3,43,3.84,4.3,5.0,8.28,0,25
321,163.48,284,24,1.56,3,39,3.64,3.8,5.0,8.28,0,25
322,159.0,411,42,1.72,3,43,3.24,3.32,4.96,8.56,0,25
323,136.22,281,31,1.8,3,45,3.06,2.9,4.96,8.84,0,25
324,132.7,355,48,2.0,4,50,3.0,3.0,5.0,8.52,0,25
325,133.48,353,49,2.0,4,50,3.0,2.66,5.0,9.0,0,25
326,137.04,299,46,1.8,3,45,3.02,2.44,4.96,8.56,0,25
327,172.78,369,57,1.76,4,44,3.02,2.66,5.04,7.76,0,25
328,155.22,298,49,1.8,3,45,3.0,2.74,4.96,7.04,0,25
329,122.5,301,36,1.92,3,48,3.04,3.06,5.0,6.96,0,25
330,135.6,330,48,1.96,3,49,3.0,2.98,5.04,6.88,0,25
331,158.02,294,32,1.76,4,44,3.02,3.22,5.52,7.96,0,25
332,127.88,291,50,1.92,3,48,3.02,3.8,5.92,8.92,0,25
333,122.42,297,27,1.96,3,49,3.0,3.82,6.04,8.64,0,25
334,154.66,387,51,1.92,4,48,3.02,3.86,6.0,8.64,0,25
335,131.74,344,47,1.96,3,49,3.14,3.68,6.04,8.36,0,25
336,129.1,375,36,1.96,4,49,3.0,3.78,6.2,8.2,0,25
337,146.86,335,42,1.84,3,46,3.02,4.12,5.92,7.48,0,25
338,159.58,391,46,1.88,4,47,3.18,4.46,6.08,7.28,0,25
339,136.42,379,45,1.96,3,49,3.2,4.42,6.0,6.76,0,25
340,126.58,296,39,2.0,3,50,3.24,4.24,5.96,6.68,0,25
341,128.02,314,43,2.0,3,50,3.24,4.04,5.92,6.88,0,25
342,155.42,379,44,1.8,3,45,3.06,4.04,6.04,6.36,0,25
343,143.42,334,44,1.88,3,47,3.06,3.78,5.96,6.72,0,25
344,155.24,373,52,1.8,3,45,3.08,3.64,6.0,6.88,0,25
345,154.72,294,39,1.68,3,42,3.24,3.82,6.0,6.76,0,25
346,135.78,271,40,1.84,3,46,3.04,3.7,6.0,7.0,0,25
347,178.46,423,76,1.92,4,48,3.02,3.8,6.08,6.84,0,25
348,157.66,398,42,1.76,4,44,3.04,3.84,6.0,6.08,0,25
349,145.0,266,40,1.88,3,47,3.06,4.14,6.08,6.88,0,25
350,136.78,267,21,1.8,3,45,3.18,4.3,5.96,6.2,0,25
351,153.36,430,63,1.88,4,47,3.5,5.32,5.92,5.56,0,25
352,121.22,260,28,2.0,3,50,3.46,5.4,6.0,6.0,0,25
353,141.74,421,45,1.76,3,44,3.48,5.58,5.96,6.12,0,25
354,142.02,295,27,1.84,4,46,3.52,5.62,6.04,6.04,0,25
355,148.72,361,46,1.8,3,45,3.48,5.64,6.04,5.76,0,25
356,131.92,275,22,1.92,3,48,3.48,6.0,6.0,5.84,0,25
357,124.9,354,47,1.96,4,49,3.44,5.54,6.0,6.36,0,25
358,119.34,372,34,2.0,3,50,3.5,5.44,6.0,6.36,0,25
359,134.8,333,43,1.92,3,48,3.48,4.9,6.0,6.6,0,25
360,162.52,438,51,1.8,3,45,3.64,4.86,6.0,6.32,0,25
361,134.26,351,42,1.96,3,49,3.58,4.9,5.96,6.44,0,25
362,133.94,288,41,1.88,3,47,3.46,4.72,6.0,6.24,0,25
363,114.84,341,23,1.96,4,49,3.52,5.02,6.04,5.64,0,25
364,135.94,361,33,1.84,3,46,3.4,4.6,6.0,5.76,0,25
365,143.8,377,41,1.96,3,49,3.46,4.98,6.0,5.48,0,25
366,138.6,343,48,1.8,3,45,3.48,4.84,6.0,5.48,0,25
367,132.0,363,55,2.0,3,50,3.7,5.24,5.96,5.52,0,25
368,127.76,329,50,1.96,4,49,3.74,5.0,6.0,5.64,0,25
369,133.06,278,46,1.96,3,49,3.96,5.62,5.92,5.84,0,25
370,148.52,308,40,1.8,3,45,4.02,5.66,6.0,5.64,0,25
371,136.4,345,46,1.92,3,48,3.96,5.22,6.0,5.48,0,25
372,153.76,385,50,1.88,3,47,4.0,5.08,6.0,6.04,0,25
373,142.5,321,31,1.84,3,46,3.96,5.16,6.28,6.96,0,25
374,148.24,355,54,1.92,4,48,4.04,5.42,6.56,7.12,0,25
375,155.02,436,56,1.96,5,49,4.0,5.42,7.04,8.08,0,25
376,134.34,296,41,1.96,3,49,4.02,5.4,7.12,7.4,0,25
377,142.52,333,41,1.76,3,44,3.98,4.84,7.0,7.4,0,25
378,140.6,295,44,1.92,3,48,4.02,5.74,6.96,7.24,0,25
379,124.88,310,57,2.0,3,50,4.02,5.46,7.04,6.92,0,25
380,122.38,309,42,1.96,3,49,4.18,5.46,7.0,7.28,0,25
381,126.52,267,27,1.96,3,49,4.22,5.16,7.0,7.08,0,25
382,134.88,278,30,1.88,3,47,4.32,5.38,7.0,6.92,0,25
383,113.7,266,37,1.96,3,49,4.36,5.28,6.96,6.24,0,25
384,130.64,312,40,2.0,3,50,4.24,4.76,7.04,6.56,0,25
385,141.38,302,39,1.84,3,46,4.06,4.3,7.0,6.8,0,25
386,132.84,335,55,1.92,3,48,4.14,4.36,7.04,6.76,0,25
387,142.56,436,45,1.76,3,44,4.2,4.74,6.92,6.88,0,25
388,108.92,278,27,2.0,3,50,4.1,4.58,6.96,7.52,0,25
389,158.86,359,27,1.8,3,45,4.18,4.68,7.0,7.88,0,25
390,128.94,319,41,1.88,3,47,4.06,4.34,6.96,7.68,0,25
391,135.08,297,31,1.84,3,46,4.16,4.86,7.0,8.2,0,25
392,142.82,349,43,1.96,3,49,4.22,4.86,7.04,8.84,0,25
393,180.34,373,42,1.8,4,45,4.4,4.8,6.92,7.52,0,25
394,137.66,299,48,1.96,3,49,4.12,4.06,7.04,7.52,0,25
395,136.46,307,41,1.8,4,45,4.06,4.62,6.92,7.52,0,25
396,120.04,268,38,2.0,3,50,4.08,4.46,7.0,7.96,0,25
397,135.62,289,32,1.92,3,48,4.16,4.78,6.96,7.84,0,25
398,129.56,349,40,1.88,3,47,4.32,5.58,7.04,7.48,0,25
399,131.16,377,42,1.92,4,48,4.2,5.06,6.96,7.12,0,25
400,132.94,341,53,1.96,3,49,4.24,4.9,7.0,7.28,0,25
401,156.64,312,40,1.84,3,46,4.02,5.04,7.04,7.68,0,25
402,163.92,296,44,1.72,3,43,3.9,4.96,7.24,7.68,0,25
403,141.72,304,40,1.88,3,47,3.94,5.34,7.52,8.12,0,25
404,127.52,338,46,2.0,3,50,4.14,5.82,7.72,8.48,0,25
405,148.38,426,60,1.88,4,47,4.14,5.58,7.72,8.4,0,25
406,154.0,345,61,2.0,4,50,4.3,5.52,8.04,8.72,0,25
407,148.3,353,64,2.0,4,50,4.22,5.66,8.04,8.76,0,25
408,125.32,364,48,2.0,3,50,4.36,6.22,8.12,8.96,0,25
409,129.28,345,34,1.92,3,48,4.36,6.44,8.0,8.36,0,25
410,126.9,337,21,1.96,4,49,4.36,6.52,8.0,8.44,0,25
411,130.4,289,39,1.96,3,49,4.48,6.78,8.36,9.04,0,25
412,132.44,370,34,1.92,3,48,4.6,6.86,8.04,8.12,0,25
413,129.9,335,64,1.96,4,49,4.42,6.52,8.0,7.72,0,25
414,160.88,368,46,1.84,4,46,4.3,6.42,8.04,7.92,0,25
415,121.8,266,29,1.92,3,48,4.44,6.04,8.08,7.88,0,25
416,146.78,333,38,1.92,3,48,4.44,6.5,8.2,8.68,0,25
417,138.34,419,56,2.0,3,50,4.46,6.26,8.2,8.6,0,25
418,143.74,326,30,1.92,3,48,4.46,6.18,8.08,8.2,0,25
419,114.7,277,37,2.0,3,50,4.54,6.3,8.2,8.44,0,25
420,159.64,377,67,1.96,4,49,4.56,6.32,8.04,8.24,0,25
421,145.4,369,42,2.0,3,50,4.56,6.56,7.96,8.16,0,25
422,121.28,264,31,2.0,3,50,4.62,6.2,7.96,8.0,0,25
423,179.58,483,57,1.8,4,45,4.72,6.32,8.0,8.28,0,25
424,124.68,323,49,2.0,4,50,4.5,5.48,7.96,7.92,0,25
425,130.36,286,23,1.68,3,42,4.66,6.02,8.0,8.4,0,25
426,129.24,312,40,1.96,3,49,4.74,6.38,8.0,8.68,0,25
427,161.44,370,58,1.8,4,45,4.68,6.52,8.0,8.8,0,25
428,140.36,290,21,1.72,3,43,4.68,7.12,8.0,8.76,0,25
429,115.38,280,37,1.96,3,49,4.6,6.5,7.56,8.16,0,25
430,164.96,323,47,1.8,4,45,4.4,6.2,7.52,7.84,0,25
431,133.6,301,56,1.88,3,47,4.52,6.28,7.76,8.88,0,25
432,146.32,279,36,1.84,3,46,4.64,6.68,7.68,9.16,0,25
433,132.74,303,44,1.88,3,47,4.58,6.74,7.96,8.28,0,25
434,147.46,366,43,1.8,4,45,4.56,7.0,7.96,8.72,0,25
435,140.6,381,45,1.96,3,49,4.66,7.16,8.0,8.56,0,25
436,130.84,307,37,1.84,3,46,4.58,6.7,8.04,8.72,0,25
437,128.04,267,31,1.96,3,49,4.58,6.6,7.96,8.52,0,25
438,116.9,273,27,2.0,3,50,4.66,7.12,8.0,8.8,0,25
439,152.7,372,38,1.76,3,44,4.66,6.7,8.0,9.48,0,25
440,128.1,389,40,1.92,4,48,4.78,7.28,8.04,9.64,0,25
441,140.16,297,46,1.96,3,49,4.8,7.6,8.0,10.08,0,25
442,139.72,321,47,1.96,3,49,4.62,6.64,7.96,9.6,0,25
443,182.08,461,57,1.8,3,45,4.76,7.36,8.0,9.56,0,25
444,127.66,268,47,1.96,3,49,4.8,7.7,7.96,9.72,0,25
445,145.02,338,47,1.84,3,46,4.68,7.32,8.0,10.04,0,25
446,130.9,305,48,1.96,3,49,4.46,6.92,8.0,9.96,0,25
447,156.44,331,52,1.92,3,48,4.42,6.64,8.08,10.0,0,25
448,112.98,351,32,2.0,4,50,4.16,6.28,8.36,9.0,0,25
449,148.78,332,44,1.84,4,46,4.36,6.66,8.0,8.2,0,25
450,149.02,371,53,1.84,4,46,4.16,6.78,7.72,7.56,0,25
451,154.0,292,29,1.8,3,45,4.18,6.46,7.84,8.04,0,25
452,160.46,360,41,1.84,4,46,4.12,6.08,7.68,8.2,0,25
453,141.32,409,61,1.96,4,49,4.3,6.02,8.0,9.72,0,25
454,137.46,340,36,1.88,3,47,4.4,5.84,8.04,10.08,0,25
455,145.58,338,32,1.96,4,49,4.36,5.92,7.96,10.52,0,25
456,137.84,271,44,1.96,3,49,4.04,5.88,8.2,10.84,0,25
457,132.66,321,36,1.88,3,47,3.86,5.1,8.64,11.88,0,25
458,129.26,280,32,1.92,3,48,3.78,5.14,8.8,12.52,0,25
459,119.84,280,39,2.0,3,50,3.74,4.82,8.48,12.0,0,25
460,161.2,330,44,1.8,4,45,3.6,4.96,8.36,11.76,0,25
461,147.2,313,35,1.64,3,41,3.46,5.56,8.0,10.6,0,25
462,153.78,394,47,1.88,4,47,3.46,4.94,7.92,10.72,0,25
463,119.74,261,27,2.0,3,50,3.58,4.64,8.0,10.76,0,25
464,136.84,281,32,1.68,3,42,3.48,3.76,8.04,11.16,0,25
465,111.38,277,34,2.0,3,50,3.44,4.16,8.04,10.96,0,25
466,136.26,266,31,1.96,3,49,3.32,3.72,8.04,11.28,0,25
467,145.08,278,34,2.0,3,50,3.68,3.6,7.92,10.96,0,25
468,144.84,455,63,1.84,4,46,3.68,3.18,8.0,11.24,0,25
469,134.74,325,50,1.92,3,48,3.86,3.56,7.96,10.8,0,25
470,150.32,302,42,1.8,3,45,3.82,3.68,8.0,10.92,0,25
471,135.0,318,30,1.88,3,47,3.68,3.96,8.0,11.72,0,25
472,127.0,385,50,1.96,3,49,3.88,3.78,8.0,11.4,0,25
473,146.16,326,56,1.84,3,46,3.78,3.92,7.92,11.56,0,25
474,106.46,301,35,2.0,3,50,3.8,4.6,8.0,11.2,0,25
475,136.36,308,46,1.96,3,49,3.8,4.64,8.0,11.6,0,25
476,158.54,344,66,1.8,3,45,3.74,4.24,8.0,11.84,0,25
477,133.66,355,37,1.84,4,46,3.66,3.84,7.96,11.92,0,25
478,138.82,340,49,1.92,3,48,3.68,4.02,8.0,12.16,0,25
479,149.48,390,36,1.8,4,45,3.96,4.04,7.96,11.88,0,25
480,135.8,278,27,1.92,3,48,3.98,4.5,8.0,12.4,0,25
481,137.72,389,39,1.92,3,48,4.08,4.0,8.04,12.36,0,25
482,144.12,299,38,1.84,4,46,4.04,3.18,8.0,12.32,0,25
483,143.14,348,46,1.88,3,47,4.02,3.26,8.0,13.08,0,25
484,167.78,386,59,1.8,3,45,4.08,3.44,8.04,13.64,0,25
485,140.4,313,31,1.88,3,47,4.0,3.42,8.0,13.44,0,25
486,138.96,448,65,1.96,4,49,4.02,3.3,7.96,13.36,0,25
487,151.56,356,42,1.84,4,46,4.02,3.2,7.8,13.16,0,25
488,162.02,308,40,1.52,4,38,4.0,3.56,7.88,13.72,0,25
489,119.26,381,30,1.88,4,47,4.0,3.26,8.0,14.08,0,25
490,151.24,351,34,1.84,3,46,4.06,3.16,8.0,14.4,0,25
491,135.88,371,53,1.92,3,48,4.22,3.52,8.0,14.16,0,25
492,154.9,333,47,1.84,3,46,4.06,3.12,8.04,14.6,0,25
493,118.16,356,36,1.92,4,48,4.26,3.7,8.0,14.64,0,25
494,153.08,314,40,1.76,4,44,4.64,4.24,8.0,15.0,0,25
495,148.38,357,37,1.76,4,44,4.98,5.06,7.96,14.8,0,25
496,124.66,291,47,2.0,3,50,5.02,5.44,7.76,14.56,0,25
497,142.4,295,26,1.8,3,45,4.96,5.7,8.0,15.12,0,25
498,132.0,292,50,1.84,3,46,4.98,5.44,8.04,14.76,0,25
499,118.38,322,48,2.0,3,50,4.98,5.34,8.0,14.76,0,25
500,141.92,389,55,1.92,4,48,5.06,5.44,8.04,14.84,0,25
