generation,avg_prey_survival,max_prey_survival,total_food,avg_predator_kills,max_predator_kills,total_kills,avg_prey_nodes,avg_prey_connections,avg_pred_nodes,avg_pred_connections
1,119.77,293,15,1.67,5,25,3.0,44.0,3.0,44.0
2,140.7,600,26,1.6,5,24,3.03,43.83,3.13,44.0
3,107.27,265,19,1.87,4,28,3.27,43.93,3.6,44.2
4,76.3,199,16,1.93,8,29,3.27,43.17,3.07,43.4
5,88.63,201,14,2.0,10,30,3.3,42.43,3.07,43.4
6,92.97,199,18,1.93,6,29,3.57,42.83,3.47,43.0
7,82.6,162,10,2.0,6,30,3.93,42.87,3.33,42.8
8,125.17,600,29,1.6,4,24,4.13,43.1,3.07,41.87
9,114.97,600,36,1.73,7,26,4.0,42.9,3.27,42.0
10,114.8,282,32,2.0,7,30,4.2,42.97,3.07,41.47
11,79.47,217,23,2.0,5,30,4.17,42.17,3.2,40.73
12,76.27,234,22,2.0,5,30,3.7,40.2,3.13,40.67
13,89.8,247,29,2.0,8,30,3.7,39.53,3.53,40.53
14,96.93,193,29,2.0,10,30,3.7,39.27,3.07,40.47
15,65.2,174,17,2.0,8,30,4.13,39.87,3.07,39.87
16,76.03,151,24,2.0,6,30,4.87,40.2,3.0,39.27
17,83.13,207,18,1.87,6,28,4.73,39.9,3.27,38.8
18,74.9,268,22,1.87,5,28,4.8,39.43,3.07,38.27
19,75.5,159,25,2.0,5,30,4.67,38.07,3.0,38.67
20,93.33,243,28,2.0,7,30,4.33,37.2,3.2,37.8
21,66.1,153,25,2.0,5,30,4.77,37.27,3.33,36.47
22,69.97,244,38,2.0,8,30,4.83,37.77,3.13,37.0
23,57.4,180,20,2.0,5,30,4.63,37.0,3.07,37.27
24,65.43,156,26,2.0,5,30,4.37,34.43,3.13,37.2
25,56.1,147,19,2.0,4,30,4.7,34.1,3.6,37.8
26,66.83,157,18,2.0,5,30,4.83,33.47,3.67,36.87
27,63.63,163,19,2.0,6,30,4.9,33.07,4.4,37.73
28,127.0,600,41,1.73,7,26,5.17,32.73,4.07,36.53
29,69.83,257,25,2.0,9,30,4.87,32.1,4.07,35.93
30,82.47,308,26,2.0,7,30,4.97,32.07,3.93,36.0
31,80.53,171,23,2.0,6,30,4.67,31.2,4.13,36.13
32,54.9,119,24,2.0,5,30,4.4,29.57,4.27,36.07
33,69.83,165,16,2.0,7,30,4.37,29.93,4.6,35.93
34,91.33,191,32,2.0,6,30,3.93,28.97,4.53,35.0
35,97.03,193,25,2.0,5,30,3.83,28.23,4.4,33.13
36,73.37,185,20,2.0,7,30,4.8,28.93,4.53,33.47
37,81.87,195,31,2.0,9,30,5.17,29.13,4.93,34.4
38,77.43,407,24,2.0,6,30,5.13,28.87,4.0,32.87
39,57.57,199,16,1.93,5,29,4.97,28.5,4.0,32.87
40,54.23,127,20,2.0,8,30,5.23,28.47,3.93,33.2
41,60.9,154,26,2.0,5,30,4.4,25.07,4.0,32.93
42,98.27,228,28,1.93,7,29,4.23,23.63,3.93,32.53
43,117.17,600,44,1.73,7,26,4.13,23.93,3.47,31.4
44,100.47,297,30,1.87,6,28,4.47,24.73,3.93,32.87
45,96.63,182,29,2.0,9,30,4.57,22.07,4.07,33.13
46,77.4,165,18,2.0,9,30,4.7,21.27,4.47,33.0
47,101.93,248,32,1.93,5,29,4.57,21.4,4.13,32.0
48,75.93,275,32,2.0,5,30,4.77,20.9,4.13,32.27
49,76.03,166,19,2.0,6,30,4.73,19.8,4.27,32.93
50,88.63,245,24,1.93,10,29,5.33,21.77,4.33,32.87
51,77.23,196,20,2.0,3,30,4.97,20.57,3.93,32.0
52,76.8,125,14,2.0,7,30,5.5,21.3,4.07,31.93
53,129.27,232,22,1.67,6,25,5.7,21.07,3.93,31.47
54,83.63,253,33,2.0,6,30,5.1,18.8,4.07,31.73
55,82.47,192,21,2.0,6,30,4.4,15.57,4.13,32.07
56,90.9,224,32,1.93,7,29,3.2,12.9,4.07,31.93
57,71.0,227,32,2.0,7,30,3.47,12.93,4.13,31.13
58,89.7,253,30,2.0,7,30,3.57,12.77,4.0,30.93
59,72.53,189,35,2.0,5,30,3.6,12.57,4.27,31.33
60,112.93,245,37,1.87,8,28,3.57,12.3,4.07,31.27
61,100.8,315,35,2.0,4,30,3.57,12.4,3.93,30.27
62,126.4,408,50,1.8,5,27,3.37,11.83,3.6,28.33
63,99.67,298,38,2.0,5,30,3.07,11.47,3.6,27.6
64,95.03,260,28,2.0,6,30,3.33,11.9,3.87,28.2
65,74.63,193,21,2.0,4,30,3.3,11.9,4.07,29.0
66,84.47,183,25,2.0,8,30,3.63,12.07,4.2,29.4
67,84.83,254,27,2.0,7,30,3.1,10.97,3.93,27.67
68,70.3,198,24,2.0,5,30,3.07,10.57,4.07,27.67
69,85.07,242,21,1.93,5,29,3.07,10.67,4.27,27.33
70,107.7,235,28,2.0,10,30,3.0,10.2,4.27,25.8
71,73.77,159,21,2.0,9,30,3.07,10.2,4.0,24.33
72,89.77,255,32,2.0,9,30,3.13,10.23,4.0,22.47
73,79.7,249,21,2.0,5,30,3.13,10.5,3.47,21.27
74,92.43,287,20,2.0,6,30,3.07,10.4,3.4,20.73
75,86.37,164,18,2.0,4,30,3.13,11.0,3.2,19.8
76,121.77,535,34,1.87,7,28,3.43,12.17,3.8,20.53
77,117.1,315,40,1.93,5,29,3.63,12.47,3.6,19.73
78,118.07,237,30,2.0,10,30,4.33,13.47,3.4,18.93
79,120.87,239,33,1.93,6,29,3.67,12.33,3.47,18.73
80,136.1,242,22,1.87,6,28,3.33,10.9,3.0,16.93
81,99.47,299,22,2.0,6,30,3.47,10.43,3.13,17.47
82,103.07,281,38,2.0,5,30,3.67,10.6,3.07,16.8
83,123.13,345,50,2.0,7,30,3.7,10.23,3.27,17.0
84,189.67,553,41,1.2,6,18,3.13,8.9,3.6,17.0
85,69.67,141,26,2.0,8,30,3.03,8.2,3.0,16.4
86,69.77,189,17,2.0,9,30,3.5,9.07,3.27,17.0
87,101.9,342,26,2.0,12,30,3.5,9.2,3.47,17.0
88,93.0,222,29,1.93,7,29,3.37,8.33,3.93,17.27
89,96.73,199,27,1.93,6,29,3.37,9.2,4.0,17.2
90,92.8,263,26,1.93,7,29,3.1,7.93,4.13,16.4
91,68.8,203,26,2.0,5,30,3.33,8.6,4.13,16.6
92,68.03,231,26,1.93,6,29,3.07,8.1,4.0,17.07
93,79.97,215,29,2.0,6,30,3.17,8.33,4.0,16.67
94,77.87,139,25,2.0,7,30,3.37,9.07,3.93,15.73
95,52.8,140,22,2.0,6,30,3.43,9.7,4.07,16.4
96,86.33,289,30,2.0,9,30,3.33,9.67,4.0,16.0
97,86.07,213,29,2.0,6,30,3.33,9.7,4.07,16.33
98,69.13,153,18,2.0,5,30,3.27,9.23,4.33,16.93
99,65.37,159,18,2.0,7,30,3.53,9.77,4.2,16.13
100,66.83,198,25,2.0,8,30,3.97,10.07,4.67,16.2
101,67.67,177,27,2.0,9,30,4.37,10.13,3.93,14.67
102,83.9,178,24,2.0,6,30,4.17,9.47,3.87,14.67
103,85.77,233,27,1.93,8,29,4.2,8.87,4.0,14.6
104,75.4,201,23,2.0,5,30,4.7,9.9,4.0,14.33
105,112.13,283,20,1.8,5,27,4.73,9.97,4.13,14.67
106,57.37,181,21,2.0,6,30,4.6,9.47,4.07,14.8
107,162.5,600,43,1.53,5,23,4.43,9.27,4.0,14.87
108,75.63,227,13,2.0,8,30,4.1,8.8,3.67,15.33
109,68.27,152,18,2.0,8,30,4.07,8.67,3.53,15.2
110,89.27,244,23,2.0,11,30,3.53,7.1,3.47,15.0
111,84.2,227,27,2.0,5,30,3.13,6.43,3.53,15.0
112,101.37,257,25,2.0,11,30,3.13,6.47,3.6,14.4
113,86.83,199,34,1.93,6,29,3.17,6.77,3.13,14.13
114,56.07,144,20,2.0,7,30,3.33,6.9,3.13,14.6
115,66.07,169,26,2.0,7,30,3.1,6.63,3.2,14.4
116,70.7,111,21,2.0,10,30,3.1,6.4,3.13,13.6
117,85.33,205,30,2.0,6,30,3.43,7.1,3.07,13.27
118,83.47,289,27,2.0,6,30,4.2,8.03,3.47,13.87
119,66.67,214,26,2.0,5,30,4.2,8.4,3.53,14.47
120,90.47,249,33,1.87,4,28,4.27,8.57,3.93,14.93
121,113.23,265,26,1.53,6,23,4.4,8.6,3.8,14.8
122,69.07,158,16,2.0,4,30,4.03,8.63,3.53,14.13
123,98.8,264,36,2.0,5,30,3.63,7.63,3.33,13.73
124,134.53,454,33,1.8,4,27,3.8,7.97,3.6,14.0
125,84.93,265,19,2.0,8,30,4.0,8.4,3.13,12.67
126,117.53,331,25,1.67,8,25,3.97,8.8,3.07,12.33
127,95.4,199,26,1.93,7,29,4.3,9.07,3.0,12.27
128,96.43,216,18,2.0,8,30,4.13,8.7,3.0,12.07
129,142.8,523,49,1.93,6,29,4.17,8.6,3.07,12.73
130,112.13,239,16,1.93,5,29,4.13,8.67,3.0,12.13
131,146.93,600,43,1.6,6,24,3.93,8.33,3.13,12.53
132,96.17,197,30,2.0,5,30,4.23,8.93,3.2,13.0
133,117.17,228,25,1.87,5,28,3.13,6.73,3.0,12.13
134,100.73,184,42,2.0,5,30,3.1,6.23,3.13,12.13
135,94.4,263,24,2.0,13,30,3.17,6.47,3.13,12.33
136,116.77,281,25,1.93,6,29,3.37,6.8,3.13,11.0
137,79.93,248,31,2.0,7,30,3.23,7.07,3.4,11.47
138,89.47,151,25,2.0,13,30,3.1,6.87,3.6,11.87
139,102.57,266,39,2.0,8,30,3.03,6.83,3.33,10.87
140,85.57,287,39,2.0,6,30,3.07,6.57,3.6,10.6
141,69.9,151,20,2.0,10,30,3.13,6.83,3.8,10.47
142,77.13,182,22,2.0,12,30,3.17,6.5,3.07,10.47
143,85.53,199,24,1.87,6,28,3.1,6.47,3.07,10.8
144,88.73,255,25,1.93,6,29,3.1,6.3,3.13,11.0
145,73.3,167,23,2.0,12,30,3.2,6.33,3.13,12.47
146,87.23,241,40,2.0,7,30,3.1,6.1,3.2,12.4
147,105.57,303,33,1.93,6,29,3.27,6.87,3.07,11.53
148,53.27,119,8,2.0,9,30,3.0,6.3,3.47,12.13
149,77.63,152,20,2.0,8,30,3.17,5.8,3.47,12.33
150,72.17,176,21,2.0,7,30,3.4,6.1,3.67,12.6
151,86.4,242,35,2.0,7,30,3.5,6.53,3.2,11.87
152,72.77,169,25,2.0,6,30,3.27,5.87,3.67,12.73
153,84.4,282,27,2.0,7,30,3.17,6.07,4.13,13.67
154,79.77,211,39,2.0,6,30,3.27,6.33,4.4,14.6
155,78.5,153,17,2.0,11,30,3.13,5.7,5.13,15.6
156,109.9,226,23,1.93,9,29,3.33,5.93,5.27,15.73
157,71.13,115,23,2.0,9,30,3.37,6.4,5.53,15.6
158,118.73,297,48,1.8,8,27,3.47,6.67,5.67,15.07
159,108.37,319,38,2.0,4,30,3.4,6.53,5.87,15.93
160,83.43,215,18,2.0,10,30,3.4,6.4,5.47,14.8
161,99.23,192,15,2.0,9,30,3.3,5.97,5.73,14.33
162,82.87,203,21,2.0,7,30,3.3,6.13,6.2,15.07
163,90.8,245,27,2.0,8,30,3.3,6.3,6.07,15.2
164,73.53,363,28,2.0,6,30,3.53,6.53,6.13,14.53
165,83.1,236,25,2.0,9,30,3.8,6.8,6.13,13.6
166,122.73,343,32,2.0,9,30,3.77,7.07,6.13,13.93
167,107.83,350,26,1.93,5,29,3.67,6.73,6.67,14.53
168,73.4,107,13,2.0,8,30,3.5,6.93,6.73,14.6
169,67.3,171,16,2.0,11,30,3.47,6.67,6.67,13.93
170,72.27,130,14,2.0,11,30,3.43,6.6,6.6,12.67
171,72.3,165,14,2.0,6,30,3.63,6.83,6.53,12.2
172,99.93,275,18,2.0,14,30,3.63,6.17,6.33,11.93
173,72.97,159,22,2.0,9,30,3.53,5.83,6.33,12.53
174,57.6,159,13,2.0,7,30,3.47,5.73,6.47,12.4
175,72.67,287,34,2.0,6,30,3.8,6.37,6.07,11.8
176,51.67,189,22,2.0,5,30,4.03,6.8,6.47,12.13
177,64.0,221,19,2.0,6,30,4.07,6.47,6.53,12.6
178,46.57,101,14,2.0,4,30,4.1,6.77,6.07,11.67
179,64.83,165,15,2.0,8,30,4.1,7.17,5.73,11.27
180,92.63,207,20,1.87,7,28,4.37,7.13,5.67,10.53
181,74.17,185,22,2.0,5,30,4.73,7.1,5.6,10.33
182,87.67,223,25,1.93,7,29,5.03,8.1,5.73,10.33
183,64.43,175,18,2.0,7,30,4.7,7.73,5.8,10.33
184,93.43,187,25,2.0,6,30,4.53,8.1,5.4,9.93
185,74.67,214,22,2.0,6,30,4.53,8.1,5.33,10.27
186,97.9,265,19,1.93,6,29,4.57,8.63,6.07,11.6
187,62.37,136,21,2.0,6,30,4.8,8.73,5.87,11.4
188,74.47,199,24,1.93,9,29,4.87,8.67,5.53,10.6
189,117.73,387,50,1.93,5,29,4.67,8.2,5.0,9.27
190,64.1,152,20,2.0,6,30,4.33,7.17,5.07,9.33
191,64.47,181,23,2.0,3,30,4.17,6.57,5.07,9.67
192,65.17,184,18,2.0,8,30,4.9,7.73,5.2,9.53
193,112.87,262,21,1.67,7,25,4.87,8.17,5.67,10.53
194,86.9,241,26,2.0,5,30,5.37,8.8,5.13,10.67
195,85.1,236,26,2.0,4,30,5.27,8.73,5.07,10.33
196,49.53,123,14,2.0,5,30,5.37,9.3,5.0,10.53
197,75.87,151,20,2.0,9,30,5.5,9.2,5.0,11.0
198,83.73,191,22,2.0,8,30,5.0,8.3,5.07,11.73
199,88.43,264,33,2.0,4,30,5.03,8.17,5.07,10.93
200,67.8,171,28,2.0,6,30,5.03,8.53,5.07,10.2
201,93.9,253,27,2.0,11,30,5.1,9.23,4.8,10.33
202,59.03,118,18,2.0,9,30,4.77,8.67,4.67,10.07
203,77.03,211,27,2.0,5,30,5.07,9.07,4.2,9.13
204,80.67,183,22,2.0,5,30,5.0,8.93,4.0,9.27
205,63.67,116,16,2.0,5,30,4.37,8.27,4.27,9.8
206,61.27,182,17,2.0,6,30,4.9,8.8,4.2,9.6
207,66.33,145,21,2.0,10,30,4.83,8.63,4.0,8.33
208,57.23,143,22,2.0,5,30,4.7,8.77,4.07,8.4
209,90.87,199,24,1.93,5,29,4.83,8.5,4.0,8.33
210,67.13,165,15,2.0,8,30,5.0,8.73,4.53,9.47
211,73.83,161,32,2.0,7,30,5.07,8.83,5.13,10.47
212,98.2,343,26,1.93,7,29,4.7,8.67,5.27,10.67
213,66.67,153,23,2.0,6,30,4.7,8.63,5.27,10.8
214,69.9,178,24,2.0,6,30,4.7,8.23,5.0,11.13
215,88.8,210,34,1.93,9,29,5.07,8.8,5.0,11.27
216,86.4,170,32,2.0,7,30,4.73,8.67,4.8,11.73
217,68.9,199,30,2.0,6,30,5.57,9.17,5.0,11.8
218,95.37,194,27,2.0,11,30,5.53,9.47,4.93,11.27
219,109.93,209,22,1.6,4,24,5.9,10.17,5.07,11.4
220,72.17,233,31,2.0,8,30,6.8,10.9,4.93,10.73
221,71.0,246,26,2.0,8,30,5.9,9.7,5.07,11.13
222,87.77,165,20,2.0,7,30,5.7,9.17,4.93,11.0
223,82.53,213,29,1.93,11,29,6.03,9.73,5.07,11.2
224,65.83,177,28,2.0,4,30,6.27,9.97,5.33,12.0
225,71.3,224,25,2.0,6,30,6.37,10.13,5.07,11.13
226,84.53,234,27,2.0,5,30,6.13,10.2,5.13,11.07
227,87.97,125,24,2.0,12,30,6.37,9.63,5.27,11.6
228,85.43,221,26,2.0,5,30,5.83,9.67,5.07,10.67
229,61.5,138,23,2.0,6,30,6.57,10.67,5.0,10.07
230,93.7,224,24,2.0,10,30,7.1,11.07,5.13,10.47
231,88.3,199,33,1.93,10,29,7.2,10.8,4.93,10.67
232,75.2,182,32,2.0,7,30,7.3,10.93,5.13,10.73
233,96.67,209,39,1.93,6,29,7.0,11.27,5.0,10.33
234,74.77,149,24,2.0,5,30,7.17,10.47,5.0,10.2
235,97.77,251,22,1.93,6,29,7.47,10.57,5.13,10.67
236,65.47,166,20,2.0,11,30,7.5,10.8,5.13,10.93
237,101.7,263,34,2.0,8,30,8.03,11.7,5.6,12.2
238,109.27,291,43,1.93,5,29,7.73,11.03,6.4,13.47
239,124.6,348,42,2.0,12,30,7.8,10.43,6.4,13.93
240,83.7,188,18,2.0,6,30,7.93,11.5,6.33,13.47
241,87.93,228,31,1.93,6,29,8.3,11.9,6.53,14.8
242,97.93,240,43,2.0,4,30,8.6,12.27,7.0,15.73
243,70.7,157,27,2.0,4,30,8.03,12.07,7.07,15.8
244,62.9,182,23,2.0,5,30,7.8,11.5,7.2,16.0
245,66.97,139,20,2.0,9,30,8.0,11.37,6.73,15.13
246,68.1,185,29,2.0,11,30,8.27,11.93,6.67,15.13
247,82.73,181,29,2.0,5,30,8.33,11.57,6.47,14.4
248,61.4,111,16,2.0,7,30,8.57,11.67,7.0,15.0
249,83.5,199,31,1.93,5,29,8.17,11.23,7.27,14.73
250,72.17,199,16,1.93,8,29,8.03,10.83,6.73,13.33
251,75.17,122,22,2.0,10,30,8.63,11.47,5.93,11.53
252,67.63,213,28,2.0,8,30,8.23,11.1,6.07,11.93
253,70.27,129,25,2.0,7,30,8.8,11.53,6.07,12.07
254,86.7,231,25,2.0,5,30,8.57,10.8,6.2,12.0
255,86.23,213,27,2.0,6,30,8.83,10.93,6.33,11.87
256,80.43,215,28,2.0,5,30,8.2,10.27,6.13,10.8
257,72.0,193,15,2.0,3,30,7.57,9.73,6.0,10.47
258,83.53,273,21,1.93,7,29,7.67,10.07,6.07,11.0
259,76.57,193,29,2.0,6,30,7.33,9.4,6.27,11.8
260,63.17,125,19,2.0,6,30,7.63,9.23,6.07,11.13
261,61.2,199,27,2.0,5,30,7.4,8.7,6.0,11.33
262,83.03,221,38,1.8,7,27,7.67,9.57,6.07,10.93
263,67.43,148,33,2.0,4,30,8.0,9.9,6.07,10.33
264,90.6,241,45,2.0,7,30,7.3,8.8,5.87,9.87
265,71.07,194,26,2.0,7,30,7.37,9.67,6.6,11.53
266,80.7,195,25,2.0,4,30,6.9,9.2,6.27,10.33
267,93.33,206,41,1.93,6,29,6.97,9.4,6.07,10.33
268,71.0,263,49,2.0,7,30,7.23,9.77,5.73,9.27
269,86.47,260,38,2.0,5,30,7.37,10.07,6.27,10.0
270,69.0,209,33,2.0,5,30,6.93,9.13,6.13,9.0
271,68.13,195,29,2.0,6,30,6.6,9.07,5.93,8.33
272,83.37,188,28,2.0,6,30,6.7,9.33,6.13,8.73
273,81.87,191,44,2.0,5,30,6.33,8.67,6.0,8.13
274,91.63,234,41,2.0,4,30,6.4,8.57,6.0,8.4
275,68.27,151,31,2.0,6,30,6.33,7.83,5.93,7.73
276,59.2,139,32,2.0,7,30,6.8,8.5,5.47,7.47
277,86.43,219,40,1.93,7,29,6.9,8.67,5.53,7.47
278,61.03,185,30,2.0,6,30,6.67,8.23,5.0,7.93
279,61.33,141,24,2.0,5,30,6.53,9.03,4.93,8.07
280,72.23,199,37,1.93,4,29,6.7,8.03,5.07,8.07
281,60.63,184,40,2.0,7,30,6.93,8.93,5.33,9.0
282,59.03,137,23,2.0,5,30,6.7,8.73,4.73,7.8
283,78.07,220,31,2.0,6,30,6.7,9.13,5.0,7.73
284,80.47,329,50,2.0,7,30,6.67,9.6,5.13,8.4
285,63.07,185,41,2.0,6,30,6.77,9.63,5.0,7.8
286,75.97,212,41,2.0,5,30,6.97,10.4,5.07,7.67
287,80.97,218,44,1.93,6,29,6.87,9.6,5.27,7.87
288,73.67,306,33,1.93,5,29,6.87,9.43,6.0,9.07
289,79.47,181,46,2.0,7,30,6.63,9.53,6.13,9.47
290,84.37,268,44,1.93,5,29,6.47,8.93,5.87,9.0
291,91.23,231,33,1.87,9,28,6.27,9.63,6.13,9.4
292,86.1,251,42,1.93,5,29,5.93,9.3,5.93,9.4
293,134.07,290,54,1.73,6,26,5.77,8.6,5.8,9.13
294,61.37,162,29,2.0,7,30,5.4,8.37,5.8,9.0
295,58.13,195,39,2.0,6,30,5.0,8.13,5.07,7.6
296,83.6,199,45,1.93,6,29,4.83,7.73,5.07,7.4
297,69.47,178,50,2.0,6,30,5.17,7.07,4.93,7.13
298,76.1,180,30,2.0,5,30,5.2,6.4,5.2,7.8
299,67.7,180,42,2.0,5,30,5.4,5.47,5.47,7.93
300,56.43,212,36,2.0,4,30,5.47,5.5,6.0,8.07
301,64.1,143,31,2.0,6,30,5.1,5.4,6.0,8.2
302,58.9,158,29,2.0,6,30,5.33,5.27,6.07,7.4
303,50.0,105,26,2.0,6,30,4.83,5.4,6.27,7.33
304,59.2,231,44,2.0,4,30,4.47,5.37,5.93,6.47
305,42.67,145,36,2.0,6,30,4.13,5.07,5.93,6.07
306,93.87,327,52,2.0,5,30,4.07,4.87,6.07,6.47
307,54.87,141,34,2.0,4,30,4.17,5.17,6.0,6.13
308,74.03,205,36,2.0,8,30,4.2,5.57,5.93,6.27
309,52.5,141,30,2.0,7,30,4.93,6.7,5.73,6.2
310,80.4,169,36,2.0,5,30,4.83,6.47,5.67,5.73
311,49.67,187,22,2.0,6,30,4.47,5.73,6.0,6.8
312,72.73,231,58,2.0,7,30,3.87,5.1,6.2,7.27
313,83.93,184,38,2.0,8,30,4.0,5.23,6.33,6.93
314,57.2,220,29,2.0,5,30,4.03,5.43,6.27,6.8
315,75.27,243,52,2.0,5,30,4.03,5.3,6.0,6.2
316,75.13,198,38,2.0,4,30,4.1,5.9,6.13,7.27
317,63.0,191,34,2.0,5,30,4.0,5.8,5.93,6.47
318,59.27,149,29,2.0,6,30,4.13,5.8,5.87,6.2
319,39.17,96,19,2.0,5,30,3.9,5.47,6.0,6.47
320,61.67,215,30,2.0,8,30,3.87,5.4,6.13,6.4
321,60.43,151,38,2.0,7,30,3.47,4.53,6.13,6.6
322,60.87,147,40,2.0,8,30,3.87,5.23,6.2,7.67
323,58.37,164,35,2.0,5,30,4.3,6.1,6.07,7.4
324,82.1,185,49,2.0,6,30,4.07,5.83,5.87,7.27
325,69.33,161,32,2.0,6,30,4.53,6.33,6.0,7.6
326,54.2,145,28,2.0,7,30,4.13,5.53,5.93,7.67
327,66.5,181,33,2.0,7,30,4.47,6.07,5.93,8.87
328,49.63,127,28,2.0,4,30,4.6,6.17,5.87,9.2
329,72.0,175,31,2.0,6,30,5.0,6.83,5.73,8.87
330,59.7,153,26,2.0,7,30,5.6,7.7,5.6,10.27
331,38.6,103,23,2.0,5,30,5.57,7.53,5.67,9.87
332,51.77,91,17,2.0,6,30,5.73,7.83,5.73,10.47
333,56.73,158,19,2.0,6,30,6.07,8.63,5.6,10.53
334,65.13,177,15,2.0,7,30,5.67,7.83,5.33,10.07
335,74.23,155,19,2.0,7,30,5.57,7.67,5.27,10.4
336,71.17,157,25,2.0,6,30,5.3,7.4,5.07,9.53
337,71.4,179,22,2.0,8,30,4.87,6.57,5.13,9.87
338,79.73,223,30,2.0,5,30,5.27,7.4,5.0,9.53
339,58.73,151,16,2.0,7,30,5.67,8.07,4.53,8.87
340,73.5,276,31,2.0,8,30,5.4,7.87,4.67,8.8
341,86.07,212,33,2.0,7,30,5.7,8.1,4.8,8.73
342,90.27,305,27,1.93,8,29,6.03,8.77,5.13,9.33
343,101.37,239,33,2.0,7,30,5.73,8.1,5.07,9.27
344,82.17,214,36,2.0,5,30,6.13,8.67,5.13,10.13
345,90.0,235,34,2.0,6,30,6.13,8.77,5.4,9.87
346,96.53,301,32,1.87,8,28,5.97,8.83,4.67,8.2
347,113.0,224,33,1.8,4,27,5.87,8.53,5.2,8.93
348,89.97,226,35,1.93,5,29,6.53,9.37,5.13,9.27
349,96.7,260,21,1.67,5,25,6.47,9.17,5.53,10.07
350,67.23,229,25,2.0,4,30,6.73,9.4,5.0,9.2
351,75.53,194,27,2.0,5,30,6.6,9.43,5.0,9.33
352,90.73,197,36,2.0,8,30,6.4,8.97,5.2,9.8
353,93.13,557,41,1.8,4,27,6.37,9.47,4.93,8.47
354,100.33,293,37,2.0,5,30,6.57,9.83,4.53,6.73
355,98.2,267,32,1.8,5,27,7.0,10.47,5.07,8.33
356,74.53,239,15,1.87,5,28,7.07,10.37,5.27,8.8
357,54.17,141,21,2.0,6,30,7.07,10.27,5.53,9.53
358,113.27,245,23,1.93,7,29,7.1,10.17,7.13,12.2
359,83.9,199,23,1.93,8,29,7.1,10.07,7.53,13.4
360,85.37,209,25,1.87,7,28,7.9,10.93,7.53,12.93
361,79.63,191,27,2.0,4,30,8.8,12.93,7.53,13.2
362,66.5,185,25,2.0,5,30,9.17,13.43,7.07,12.0
363,79.37,199,21,1.87,6,28,9.3,13.33,7.6,13.4
364,80.5,187,25,2.0,6,30,9.17,12.53,8.07,15.13
365,102.37,171,26,2.0,7,30,9.13,12.77,8.33,15.33
366,99.87,230,29,1.93,5,29,9.17,12.87,8.07,15.6
367,94.63,224,28,2.0,7,30,8.63,11.67,8.0,15.33
368,95.93,388,15,1.8,6,27,8.9,12.07,8.0,15.53
369,76.4,198,28,2.0,6,30,8.6,11.7,8.47,16.07
370,89.8,239,29,2.0,7,30,9.2,12.97,8.53,16.53
371,80.63,306,25,2.0,8,30,9.0,12.97,9.0,17.13
372,91.53,302,34,2.0,7,30,8.97,12.07,9.0,17.27
373,113.23,453,40,2.0,8,30,8.93,11.6,9.0,17.0
374,80.87,199,28,1.8,4,27,8.8,11.53,9.0,16.8
375,77.03,159,25,2.0,5,30,8.8,11.17,9.07,16.47
376,98.2,220,28,1.93,6,29,9.0,11.13,9.07,16.87
377,119.33,282,36,1.93,9,29,9.0,11.13,9.07,17.27
378,94.97,236,23,2.0,5,30,9.1,11.43,9.07,17.2
379,71.13,147,22,2.0,9,30,9.17,11.73,9.0,17.27
380,70.5,163,23,2.0,6,30,9.1,11.2,8.93,17.07
381,84.2,173,29,2.0,7,30,9.17,10.73,9.2,17.6
382,46.63,93,14,2.0,4,30,9.07,10.3,9.0,17.27
383,80.33,353,28,2.0,7,30,8.83,9.97,8.87,16.93
384,85.37,207,30,2.0,8,30,8.93,10.1,9.07,17.27
385,82.9,206,31,2.0,8,30,8.97,10.0,9.27,17.6
386,66.23,157,24,2.0,4,30,8.9,9.6,9.27,16.93
387,69.3,151,28,2.0,4,30,9.07,9.93,9.13,16.47
388,91.37,266,29,2.0,9,30,9.07,10.07,9.13,16.93
389,68.07,216,19,2.0,6,30,8.57,9.13,9.27,18.0
390,69.9,125,24,2.0,4,30,9.03,9.97,9.8,18.67
391,53.13,150,25,2.0,8,30,9.0,9.3,9.4,18.0
392,44.7,118,17,2.0,6,30,9.03,8.83,9.73,18.2
393,90.73,220,31,2.0,5,30,9.03,9.63,10.93,20.07
394,75.2,209,24,2.0,6,30,9.2,9.43,11.07,20.2
395,63.5,192,30,2.0,7,30,9.4,10.73,11.2,20.67
396,77.93,185,32,2.0,5,30,9.67,10.7,10.93,20.07
397,53.0,177,16,2.0,5,30,9.77,10.43,11.2,20.67
398,68.77,175,30,2.0,6,30,10.0,11.53,10.87,20.47
399,57.53,104,19,2.0,6,30,10.2,11.97,11.07,22.53
400,64.2,119,20,2.0,6,30,10.2,11.77,11.07,22.67
401,88.43,172,22,2.0,8,30,10.1,11.87,11.0,23.47
402,60.43,155,20,2.0,6,30,9.73,10.93,11.0,23.27
403,60.33,125,21,2.0,5,30,9.87,10.83,10.8,22.0
404,77.5,148,22,2.0,8,30,10.1,11.5,11.0,22.87
405,53.03,110,23,2.0,5,30,10.23,11.63,11.13,22.87
406,74.13,259,17,2.0,7,30,10.2,11.57,11.6,23.6
407,87.37,268,26,1.8,5,27,10.13,11.47,10.67,21.67
408,80.2,232,24,1.73,5,26,10.1,11.67,10.53,21.33
409,75.53,156,18,2.0,6,30,9.77,11.0,10.8,23.07
410,81.57,184,22,2.0,6,30,9.3,10.73,11.0,23.07
411,94.2,164,20,2.0,10,30,9.6,11.43,10.93,23.27
412,70.57,147,18,2.0,4,30,9.33,10.77,11.07,25.0
413,70.9,210,22,2.0,5,30,9.37,10.63,11.13,25.73
414,75.33,137,18,2.0,5,30,9.13,10.53,11.07,25.13
415,82.83,231,17,1.73,7,26,9.1,10.2,10.93,24.6
416,64.3,147,15,2.0,9,30,9.1,10.63,11.13,25.53
417,76.37,221,28,2.0,8,30,9.3,11.23,11.13,24.93
418,104.93,199,17,2.0,5,30,9.37,11.5,11.13,24.8
419,108.63,261,37,1.93,6,29,9.3,12.27,11.07,22.33
420,130.87,476,42,1.8,5,27,8.93,10.97,11.0,21.27
421,94.1,390,38,2.0,6,30,8.77,11.33,11.13,22.47
422,76.33,264,35,2.0,5,30,8.77,11.07,11.0,21.8
423,96.9,255,38,2.0,8,30,8.07,10.77,11.0,21.27
424,95.27,237,26,2.0,6,30,8.0,11.53,11.07,21.13
425,64.63,161,27,2.0,6,30,8.23,11.73,11.0,20.13
426,53.93,137,18,2.0,5,30,7.77,11.1,11.2,19.8
427,71.9,184,33,2.0,7,30,7.4,10.0,11.07,19.33
428,71.53,199,15,1.93,7,29,7.43,10.2,11.07,20.0
429,86.7,244,26,1.93,6,29,7.37,9.83,11.13,19.53
430,71.67,220,34,2.0,7,30,7.43,10.7,11.6,20.6
431,69.5,189,33,2.0,5,30,7.43,10.13,11.07,19.0
432,69.57,143,20,2.0,6,30,7.43,10.27,11.07,18.8
433,54.87,105,23,2.0,5,30,7.57,10.4,10.93,18.13
434,81.0,281,26,1.93,7,29,7.4,10.57,11.07,18.93
435,75.17,174,27,2.0,5,30,7.37,9.63,11.27,18.47
436,76.2,127,29,2.0,5,30,7.6,10.07,11.07,18.33
437,75.47,179,28,2.0,6,30,7.6,10.5,11.13,19.13
438,68.87,167,21,2.0,6,30,7.63,10.47,11.0,18.8
439,103.47,322,42,2.0,6,30,7.43,9.83,11.2,19.53
440,76.7,148,21,2.0,6,30,7.43,9.77,11.93,21.27
441,72.27,227,25,2.0,5,30,7.57,9.6,12.07,21.4
442,57.6,144,17,2.0,5,30,7.5,8.8,12.07,21.4
443,65.33,157,22,2.0,8,30,7.87,9.73,11.8,21.13
444,87.57,228,14,1.87,4,28,7.9,9.67,11.73,21.33
445,70.13,194,30,2.0,4,30,8.1,10.33,11.67,20.93
446,69.77,158,28,2.0,4,30,8.2,10.7,12.0,21.2
447,60.1,179,15,2.0,7,30,8.2,11.07,12.13,21.73
448,67.37,197,30,2.0,4,30,7.5,9.77,12.4,22.87
449,75.17,146,32,2.0,8,30,7.3,9.93,12.8,23.27
450,77.9,237,33,2.0,5,30,7.3,9.97,12.8,23.13
451,65.83,186,27,2.0,7,30,6.9,8.67,12.47,23.07
452,88.03,250,33,2.0,6,30,7.07,8.73,12.53,23.93
453,78.97,285,31,2.0,7,30,7.03,8.63,12.13,23.07
454,86.97,274,22,2.0,4,30,7.43,9.4,12.73,24.53
455,83.87,204,29,2.0,5,30,7.7,9.9,12.4,23.93
456,81.07,255,33,2.0,7,30,7.33,9.33,12.13,23.33
457,62.9,153,22,2.0,6,30,7.53,9.9,11.87,21.13
458,110.43,261,35,2.0,4,30,8.3,11.37,11.2,19.93
459,73.77,191,21,2.0,5,30,8.27,11.3,11.07,19.53
460,98.67,386,32,1.93,6,29,7.9,10.2,11.13,19.6
461,80.67,193,34,2.0,6,30,8.27,10.93,11.0,19.0
462,78.57,213,29,2.0,6,30,8.63,11.93,11.0,19.33
463,65.03,172,28,2.0,4,30,8.53,11.4,11.0,20.0
464,83.03,159,24,2.0,7,30,8.73,12.2,11.33,21.33
465,118.2,600,42,1.93,6,29,9.5,14.6,11.2,20.6
466,80.23,175,30,2.0,7,30,9.63,14.8,12.27,22.33
467,132.43,264,30,1.87,9,28,9.67,14.43,12.27,22.33
468,77.13,180,25,2.0,7,30,9.6,15.2,12.4,22.27
469,94.73,155,29,2.0,6,30,10.0,15.87,13.0,22.67
470,61.07,182,13,2.0,6,30,9.17,14.77,13.2,23.0
471,67.27,177,24,2.0,8,30,9.53,14.97,13.07,23.73
472,118.8,359,40,1.93,6,29,9.33,15.07,13.07,24.4
473,83.23,172,35,2.0,5,30,8.9,13.9,13.0,24.8
474,88.5,262,34,1.87,6,28,9.03,13.57,12.93,24.87
475,84.17,210,23,2.0,6,30,8.93,12.87,13.07,24.53
476,85.83,236,48,2.0,6,30,9.1,13.3,13.0,25.8
477,92.3,207,43,1.93,8,29,8.97,12.53,13.07,24.93
478,83.0,239,41,2.0,6,30,8.83,11.93,13.8,26.0
479,71.53,169,34,2.0,6,30,8.7,11.4,13.73,25.73
480,73.87,141,41,2.0,5,30,8.67,10.67,13.93,27.33
481,60.97,142,39,2.0,8,30,8.83,11.1,14.13,28.33
482,79.3,231,50,2.0,10,30,8.73,10.37,14.2,27.53
483,58.27,130,29,2.0,8,30,8.93,10.97,14.07,27.6
484,76.47,217,55,2.0,6,30,8.57,10.8,14.07,27.0
485,62.13,249,33,1.93,5,29,8.07,10.07,14.13,27.4
486,70.53,147,40,2.0,5,30,7.63,9.07,13.93,26.73
487,77.9,197,37,2.0,6,30,7.47,8.7,14.0,26.2
488,57.17,165,41,2.0,8,30,7.53,8.33,13.93,26.93
489,70.83,151,33,2.0,5,30,7.5,8.47,14.07,27.2
490,69.8,181,41,2.0,4,30,7.63,8.73,14.0,27.73
491,77.07,190,48,2.0,8,30,7.43,8.2,14.13,27.27
492,61.47,150,31,2.0,7,30,7.73,8.6,14.2,27.07
493,52.33,104,28,2.0,9,30,7.67,8.3,14.47,27.6
494,71.9,151,34,2.0,7,30,8.3,9.53,13.93,26.27
495,58.2,169,36,2.0,7,30,8.17,9.37,14.33,26.93
496,67.33,174,33,2.0,7,30,8.47,9.83,15.0,27.2
497,67.83,187,46,2.0,7,30,8.53,10.43,15.0,27.27
498,83.8,203,33,2.0,5,30,8.0,8.8,15.0,27.2
499,53.2,123,28,2.0,7,30,7.53,8.07,14.93,26.8
500,87.6,292,48,2.0,8,30,7.37,8.0,14.6,25.2
